timestamp,gate,fish_id,file_name
2025-10-12 10:02:11.160,04,3E7.0000001D04,01_01607.log
2025-10-12 10:02:11.160,04,3E7.0000001D04,01_01607.log
2025-10-12 10:02:11.260,05,3E7.0000001D05,01_01607.log
2025-10-12 10:02:11.360,06,3E7.0000001D06,01_01607.log
2025-10-12 10:02:11.460,07,3E7.0000001D07,01_01607.log
2025-10-12 10:02:11.600,01,3E7.0000001D01,01_01607.log
2025-10-12 10:02:11.710,02,3E7.0000001D02,01_01607.log
2025-10-12 10:02:11.760,03,3E7.0000001D03,01_01607.log
2025-10-12 10:35:58.990,03,3DD.003DEE8B22,01_01607.log
2025-10-12 10:35:59.020,03,3DD.003DEE8B22,01_01607.log
2025-10-12 10:39:22.710,03,3DD.003DEE8CA4,01_01607.log
2025-10-12 10:39:30.390,03,3DD.003DEE8CA4,01_01607.log
2025-10-12 10:39:31.060,03,3DD.003DEE8CA4,01_01607.log
2025-10-12 10:39:43.670,03,3DD.003DEE8CA4,01_01607.log
2025-10-12 10:39:44.330,03,3DD.003DEE8CA4,01_01607.log
2025-10-12 10:39:45.070,03,3DD.003DEE8CA4,01_01607.log
2025-10-12 10:45:04.510,05,3DD.003DEE8CA4,01_01607.log
2025-10-12 10:52:21.390,06,3DD.003DEE8B22,01_01607.log
2025-10-12 10:52:22.050,06,3DD.003DEE8B22,01_01607.log
2025-10-12 11:02:11.160,03,3E7.0000001D03,01_01607.log
2025-10-12 11:02:11.270,04,3E7.0000001D04,01_01607.log
2025-10-12 11:02:11.360,05,3E7.0000001D05,01_01607.log
2025-10-12 11:02:11.460,06,3E7.0000001D06,01_01607.log
2025-10-12 11:02:11.560,07,3E7.0000001D07,01_01607.log
2025-10-12 11:02:11.680,01,3E7.0000001D01,01_01607.log
2025-10-12 11:02:11.760,02,3E7.0000001D02,01_01607.log
2025-10-12 11:11:16.190,07,3DD.003DEE8CA4,01_01607.log
2025-10-12 11:11:17.550,07,3DD.003DEE8CA4,01_01607.log
2025-10-12 11:11:18.230,07,3DD.003DEE8CA4,01_01607.log
2025-10-12 11:14:23.080,07,3DD.003DEE8B22,01_01607.log
2025-10-12 11:14:24.430,07,3DD.003DEE8B22,01_01607.log
2025-10-12 11:14:25.150,07,3DD.003DEE8B22,01_01607.log
2025-10-12 11:14:26.530,07,3DD.003DEE8B22,01_01607.log
2025-10-12 11:14:27.260,07,3DD.003DEE8B22,01_01607.log
2025-10-12 11:14:28.000,07,3DD.003DEE8B22,01_01607.log
2025-10-12 11:14:29.330,07,3DD.003DEE8B22,01_01607.log
2025-10-12 11:14:57.360,07,3DD.003DEE8CA4,01_01607.log
2025-10-12 11:14:58.060,07,3DD.003DEE8CA4,01_01607.log
2025-10-12 11:14:59.480,07,3DD.003DEE8B22,01_01607.log
2025-10-12 11:15:00.160,07,3DD.003DEE8B22,01_01607.log
2025-10-12 11:15:01.590,07,3DD.003DEE8B22,01_01607.log
2025-10-12 11:15:02.990,07,3DD.003DEE8CA4,01_01607.log
2025-10-12 11:15:03.660,07,3DD.003DEE8CA4,01_01607.log
2025-10-12 11:15:04.360,07,3DD.003DEE8CA4,01_01607.log
2025-10-12 11:15:05.050,07,3DD.003DEE8CA4,01_01607.log
2025-10-12 11:15:06.420,07,3DD.003DEE8CA4,01_01607.log
2025-10-12 11:15:07.120,07,3DD.003DEE8CA4,01_01607.log
2025-10-12 11:15:08.520,07,3DD.003DEE8CA4,01_01607.log
2025-10-12 11:15:09.220,07,3DD.003DEE8CA4,01_01607.log
2025-10-12 11:15:10.620,07,3DD.003DEE8CA4,01_01607.log
2025-10-12 11:15:11.320,07,3DD.003DEE8CA4,01_01607.log
2025-10-12 11:15:12.020,07,3DD.003DEE8CA4,01_01607.log
2025-10-12 11:15:13.420,07,3DD.003DEE8CA4,01_01607.log
2025-10-12 11:15:14.120,07,3DD.003DEE8CA4,01_01607.log
2025-10-12 11:15:15.520,07,3DD.003DEE8CA4,01_01607.log
2025-10-12 11:15:16.220,07,3DD.003DEE8CA4,01_01607.log
2025-10-12 11:15:17.630,07,3DD.003DEE8CA4,01_01607.log
2025-10-12 11:15:18.330,07,3DD.003DEE8CA4,01_01607.log
2025-10-12 11:15:19.020,07,3DD.003DEE8CA4,01_01607.log
2025-10-12 11:15:20.460,07,3DD.003DEE8CA4,01_01607.log
2025-10-12 11:15:21.160,07,3DD.003DEE8CA4,01_01607.log
2025-10-12 11:15:22.540,07,3DD.003DEE8CA4,01_01607.log
2025-10-12 11:15:23.260,07,3DD.003DEE8CA4,01_01607.log
2025-10-12 11:15:24.010,07,3DD.003DEE8CA4,01_01607.log
2025-10-12 11:15:25.330,07,3DD.003DEE8CA4,01_01607.log
2025-10-12 11:15:26.030,07,3DD.003DEE8CA4,01_01607.log
2025-10-12 11:15:27.430,07,3DD.003DEE8CA4,01_01607.log
2025-10-12 11:15:28.130,07,3DD.003DEE8CA4,01_01607.log
2025-10-12 11:15:29.530,07,3DD.003DEE8CA4,01_01607.log
2025-10-12 11:15:30.230,07,3DD.003DEE8CA4,01_01607.log
2025-10-12 11:15:31.630,07,3DD.003DEE8CA4,01_01607.log
2025-10-12 11:15:32.330,07,3DD.003DEE8CA4,01_01607.log
2025-10-12 11:15:33.030,07,3DD.003DEE8CA4,01_01607.log
2025-10-12 11:15:34.430,07,3DD.003DEE8CA4,01_01607.log
2025-10-12 11:15:35.130,07,3DD.003DEE8CA4,01_01607.log
2025-10-12 11:15:36.530,07,3DD.003DEE8CA4,01_01607.log
2025-10-12 11:15:37.230,07,3DD.003DEE8CA4,01_01607.log
2025-10-12 11:15:38.660,07,3DD.003DEE8CA4,01_01607.log
2025-10-12 11:15:39.330,07,3DD.003DEE8CA4,01_01607.log
2025-10-12 11:15:40.030,07,3DD.003DEE8CA4,01_01607.log
2025-10-12 11:15:41.430,07,3DD.003DEE8CA4,01_01607.log
2025-10-12 11:15:42.130,07,3DD.003DEE8CA4,01_01607.log
2025-10-12 11:15:43.530,07,3DD.003DEE8CA4,01_01607.log
2025-10-12 11:15:44.230,07,3DD.003DEE8CA4,01_01607.log
2025-10-12 11:15:45.630,07,3DD.003DEE8CA4,01_01607.log
2025-10-12 11:15:46.330,07,3DD.003DEE8CA4,01_01607.log
2025-10-12 11:15:47.030,07,3DD.003DEE8CA4,01_01607.log
2025-10-12 11:15:48.430,07,3DD.003DEE8CA4,01_01607.log
2025-10-12 11:15:49.130,07,3DD.003DEE8CA4,01_01607.log
2025-10-12 11:15:50.530,07,3DD.003DEE8CA4,01_01607.log
2025-10-12 11:15:51.230,07,3DD.003DEE8CA4,01_01607.log
2025-10-12 11:15:52.630,07,3DD.003DEE8CA4,01_01607.log
2025-10-12 11:15:53.330,07,3DD.003DEE8CA4,01_01607.log
2025-10-12 11:15:54.030,07,3DD.003DEE8CA4,01_01607.log
2025-10-12 11:15:55.430,07,3DD.003DEE8CA4,01_01607.log
2025-10-12 11:15:56.150,07,3DD.003DEE8CA4,01_01607.log
2025-10-12 11:15:56.180,07,3DD.003DEE8B22,01_01607.log
2025-10-12 11:15:57.530,07,3DD.003DEE8B22,01_01607.log
2025-10-12 11:15:58.230,07,3DD.003DEE8B22,01_01607.log
2025-10-12 11:15:59.000,07,3DD.003DEE8B22,01_01607.log
2025-10-12 11:16:00.360,07,3DD.003DEE8B22,01_01607.log
2025-10-12 11:16:01.060,07,3DD.003DEE8B22,01_01607.log
2025-10-12 11:16:02.460,07,3DD.003DEE8B22,01_01607.log
2025-10-12 11:16:03.900,07,3DD.003DEE8CA4,01_01607.log
2025-10-12 11:16:04.560,07,3DD.003DEE8CA4,01_01607.log
2025-10-12 11:16:05.290,07,3DD.003DEE8CA4,01_01607.log
2025-10-12 11:16:06.630,07,3DD.003DEE8CA4,01_01607.log
2025-10-12 11:16:07.360,07,3DD.003DEE8CA4,01_01607.log
2025-10-12 11:16:08.060,07,3DD.003DEE8CA4,01_01607.log
2025-10-12 11:16:09.450,07,3DD.003DEE8CA4,01_01607.log
2025-10-12 11:16:10.130,07,3DD.003DEE8CA4,01_01607.log
2025-10-12 11:16:11.530,07,3DD.003DEE8CA4,01_01607.log
2025-10-12 11:16:12.260,07,3DD.003DEE8CA4,01_01607.log
2025-10-12 11:16:13.660,07,3DD.003DEE8CA4,01_01607.log
2025-10-12 11:16:14.360,07,3DD.003DEE8CA4,01_01607.log
2025-10-12 11:16:15.060,07,3DD.003DEE8CA4,01_01607.log
2025-10-12 11:16:16.460,07,3DD.003DEE8CA4,01_01607.log
2025-10-12 11:16:17.160,07,3DD.003DEE8CA4,01_01607.log
2025-10-12 11:16:18.530,07,3DD.003DEE8CA4,01_01607.log
2025-10-12 11:16:19.260,07,3DD.003DEE8CA4,01_01607.log
2025-10-12 11:16:20.650,07,3DD.003DEE8CA4,01_01607.log
2025-10-12 11:16:21.380,07,3DD.003DEE8B22,01_01607.log
2025-10-12 11:16:22.050,07,3DD.003DEE8B22,01_01607.log
2025-10-12 11:16:23.430,07,3DD.003DEE8B22,01_01607.log
2025-10-12 11:16:24.860,07,3DD.003DEE8B22,01_01607.log
2025-10-12 11:16:25.580,07,3DD.003DEE8CA4,01_01607.log
2025-10-12 11:16:26.260,07,3DD.003DEE8CA4,01_01607.log
2025-10-12 11:16:27.630,07,3DD.003DEE8CA4,01_01607.log
2025-10-12 11:16:28.330,07,3DD.003DEE8CA4,01_01607.log
2025-10-12 11:16:29.030,07,3DD.003DEE8CA4,01_01607.log
2025-10-12 11:16:30.430,07,3DD.003DEE8CA4,01_01607.log
2025-10-12 11:16:31.130,07,3DD.003DEE8CA4,01_01607.log
2025-10-12 11:16:32.530,07,3DD.003DEE8CA4,01_01607.log
2025-10-12 11:16:33.230,07,3DD.003DEE8CA4,01_01607.log
2025-10-12 11:16:34.630,07,3DD.003DEE8CA4,01_01607.log
2025-10-12 11:16:35.330,07,3DD.003DEE8CA4,01_01607.log
2025-10-12 11:16:36.030,07,3DD.003DEE8CA4,01_01607.log
2025-10-12 11:16:37.430,07,3DD.003DEE8CA4,01_01607.log
2025-10-12 11:16:38.130,07,3DD.003DEE8CA4,01_01607.log
2025-10-12 11:16:39.530,07,3DD.003DEE8CA4,01_01607.log
2025-10-12 11:16:40.230,07,3DD.003DEE8CA4,01_01607.log
2025-10-12 11:16:41.620,07,3DD.003DEE8CA4,01_01607.log
2025-10-12 11:16:42.330,07,3DD.003DEE8CA4,01_01607.log
2025-10-12 11:16:43.020,07,3DD.003DEE8CA4,01_01607.log
2025-10-12 11:16:44.420,07,3DD.003DEE8CA4,01_01607.log
2025-10-12 11:16:45.120,07,3DD.003DEE8CA4,01_01607.log
2025-10-12 11:16:46.520,07,3DD.003DEE8CA4,01_01607.log
2025-10-12 11:16:47.220,07,3DD.003DEE8CA4,01_01607.log
2025-10-12 11:16:48.620,07,3DD.003DEE8CA4,01_01607.log
2025-10-12 11:16:49.320,07,3DD.003DEE8CA4,01_01607.log
2025-10-12 11:16:50.020,07,3DD.003DEE8CA4,01_01607.log
2025-10-12 11:16:51.420,07,3DD.003DEE8CA4,01_01607.log
2025-10-12 11:16:52.120,07,3DD.003DEE8CA4,01_01607.log
2025-10-12 11:16:53.520,07,3DD.003DEE8CA4,01_01607.log
2025-10-12 11:16:54.220,07,3DD.003DEE8CA4,01_01607.log
2025-10-12 11:16:55.630,07,3DD.003DEE8CA4,01_01607.log
2025-10-12 11:16:56.330,07,3DD.003DEE8CA4,01_01607.log
2025-10-12 11:16:57.020,07,3DD.003DEE8CA4,01_01607.log
2025-10-12 11:16:58.430,07,3DD.003DEE8CA4,01_01607.log
2025-10-12 11:16:59.120,07,3DD.003DEE8CA4,01_01607.log
2025-10-12 11:17:00.520,07,3DD.003DEE8CA4,01_01607.log
2025-10-12 11:17:01.220,07,3DD.003DEE8CA4,01_01607.log
2025-10-12 11:17:02.620,07,3DD.003DEE8CA4,01_01607.log
2025-10-12 11:17:03.320,07,3DD.003DEE8CA4,01_01607.log
2025-10-12 11:17:04.020,07,3DD.003DEE8CA4,01_01607.log
2025-10-12 11:17:05.430,07,3DD.003DEE8CA4,01_01607.log
2025-10-12 11:17:06.130,07,3DD.003DEE8CA4,01_01607.log
2025-10-12 11:17:07.520,07,3DD.003DEE8CA4,01_01607.log
2025-10-12 11:17:08.220,07,3DD.003DEE8CA4,01_01607.log
2025-10-12 11:17:09.630,07,3DD.003DEE8CA4,01_01607.log
2025-10-12 11:17:10.320,07,3DD.003DEE8CA4,01_01607.log
2025-10-12 11:17:11.020,07,3DD.003DEE8CA4,01_01607.log
2025-10-12 11:17:12.430,07,3DD.003DEE8CA4,01_01607.log
2025-10-12 11:17:13.120,07,3DD.003DEE8CA4,01_01607.log
2025-10-12 11:17:14.520,07,3DD.003DEE8CA4,01_01607.log
2025-10-12 11:17:15.220,07,3DD.003DEE8CA4,01_01607.log
2025-10-12 11:17:16.620,07,3DD.003DEE8CA4,01_01607.log
2025-10-12 11:17:17.320,07,3DD.003DEE8CA4,01_01607.log
2025-10-12 11:17:18.020,07,3DD.003DEE8CA4,01_01607.log
2025-10-12 11:17:19.420,07,3DD.003DEE8CA4,01_01607.log
2025-10-12 11:17:20.120,07,3DD.003DEE8CA4,01_01607.log
2025-10-12 11:17:21.530,07,3DD.003DEE8CA4,01_01607.log
2025-10-12 11:17:22.220,07,3DD.003DEE8CA4,01_01607.log
2025-10-12 11:17:23.630,07,3DD.003DEE8CA4,01_01607.log
2025-10-12 11:17:24.320,07,3DD.003DEE8CA4,01_01607.log
2025-10-12 11:17:25.020,07,3DD.003DEE8CA4,01_01607.log
2025-10-12 11:17:26.430,07,3DD.003DEE8CA4,01_01607.log
2025-10-12 11:17:27.120,07,3DD.003DEE8CA4,01_01607.log
2025-10-12 11:17:28.520,07,3DD.003DEE8CA4,01_01607.log
2025-10-12 11:17:29.230,07,3DD.003DEE8CA4,01_01607.log
2025-10-12 11:17:30.660,07,3DD.003DEE8CA4,01_01607.log
2025-10-12 11:17:31.360,07,3DD.003DEE8CA4,01_01607.log
2025-10-12 11:17:32.060,07,3DD.003DEE8CA4,01_01607.log
2025-10-12 11:17:33.460,07,3DD.003DEE8CA4,01_01607.log
2025-10-12 11:17:34.130,07,3DD.003DEE8CA4,01_01607.log
2025-10-12 11:22:09.960,07,3DD.003DEE8CA4,01_01607.log
2025-10-12 11:22:10.630,07,3DD.003DEE8CA4,01_01607.log
2025-10-12 11:22:11.380,07,3DD.003DEE8CA4,01_01607.log
2025-10-12 11:22:12.760,07,3DD.003DEE8CA4,01_01607.log
2025-10-12 11:22:13.450,07,3DD.003DEE8CA4,01_01607.log
2025-10-12 11:23:47.990,07,3DD.003DEE8CA4,01_01607.log
2025-10-12 11:23:48.660,07,3DD.003DEE8CA4,01_01607.log
2025-10-12 11:23:52.160,07,3DD.003DEE8CA4,01_01607.log
2025-10-12 11:23:53.530,07,3DD.003DEE8CA4,01_01607.log
2025-10-12 11:23:54.230,07,3DD.003DEE8CA4,01_01607.log
2025-10-12 11:23:55.630,07,3DD.003DEE8CA4,01_01607.log
2025-10-12 11:23:56.330,07,3DD.003DEE8CA4,01_01607.log
2025-10-12 11:23:57.040,07,3DD.003DEE8CA4,01_01607.log
2025-10-12 11:23:58.460,07,3DD.003DEE8CA4,01_01607.log
2025-10-12 11:23:59.150,07,3DD.003DEE8CA4,01_01607.log
2025-10-12 11:24:00.530,07,3DD.003DEE8CA4,01_01607.log
2025-10-12 11:24:01.230,07,3DD.003DEE8CA4,01_01607.log
2025-10-12 11:24:02.630,07,3DD.003DEE8CA4,01_01607.log
2025-10-12 11:24:03.330,07,3DD.003DEE8CA4,01_01607.log
2025-10-12 11:24:04.030,07,3DD.003DEE8CA4,01_01607.log
2025-10-12 11:24:05.430,07,3DD.003DEE8CA4,01_01607.log
2025-10-12 11:24:06.130,07,3DD.003DEE8CA4,01_01607.log
2025-10-12 11:24:07.530,07,3DD.003DEE8CA4,01_01607.log
2025-10-12 11:24:08.230,07,3DD.003DEE8CA4,01_01607.log
2025-10-12 11:24:09.630,07,3DD.003DEE8CA4,01_01607.log
2025-10-12 11:24:10.330,07,3DD.003DEE8CA4,01_01607.log
2025-10-12 11:24:11.030,07,3DD.003DEE8CA4,01_01607.log
2025-10-12 11:24:12.430,07,3DD.003DEE8CA4,01_01607.log
2025-10-12 11:24:13.130,07,3DD.003DEE8CA4,01_01607.log
2025-10-12 11:24:14.530,07,3DD.003DEE8CA4,01_01607.log
2025-10-12 11:24:15.230,07,3DD.003DEE8CA4,01_01607.log
2025-10-12 11:24:16.630,07,3DD.003DEE8CA4,01_01607.log
2025-10-12 11:24:17.330,07,3DD.003DEE8CA4,01_01607.log
2025-10-12 11:24:18.030,07,3DD.003DEE8CA4,01_01607.log
2025-10-12 11:24:19.430,07,3DD.003DEE8CA4,01_01607.log
2025-10-12 11:24:20.130,07,3DD.003DEE8CA4,01_01607.log
2025-10-12 11:24:21.530,07,3DD.003DEE8CA4,01_01607.log
2025-10-12 11:24:22.230,07,3DD.003DEE8CA4,01_01607.log
2025-10-12 11:24:23.630,07,3DD.003DEE8CA4,01_01607.log
2025-10-12 11:24:24.330,07,3DD.003DEE8CA4,01_01607.log
2025-10-12 11:24:25.030,07,3DD.003DEE8CA4,01_01607.log
2025-10-12 11:24:26.430,07,3DD.003DEE8CA4,01_01607.log
2025-10-12 11:24:27.130,07,3DD.003DEE8CA4,01_01607.log
2025-10-12 11:24:28.530,07,3DD.003DEE8CA4,01_01607.log
2025-10-12 11:24:29.230,07,3DD.003DEE8CA4,01_01607.log
2025-10-12 11:24:30.630,07,3DD.003DEE8CA4,01_01607.log
2025-10-12 11:24:31.330,07,3DD.003DEE8CA4,01_01607.log
2025-10-12 11:24:32.030,07,3DD.003DEE8CA4,01_01607.log
2025-10-12 11:24:33.450,07,3DD.003DEE8CA4,01_01607.log
2025-10-12 11:24:34.130,07,3DD.003DEE8CA4,01_01607.log
2025-10-12 11:24:35.560,07,3DD.003DEE8CA4,01_01607.log
2025-10-12 11:24:36.260,07,3DD.003DEE8CA4,01_01607.log
2025-10-12 11:24:37.660,07,3DD.003DEE8CA4,01_01607.log
2025-10-12 11:24:38.360,07,3DD.003DEE8CA4,01_01607.log
2025-10-12 11:24:39.060,07,3DD.003DEE8CA4,01_01607.log
2025-10-12 11:24:40.460,07,3DD.003DEE8CA4,01_01607.log
2025-10-12 11:24:41.160,07,3DD.003DEE8CA4,01_01607.log
2025-10-12 11:24:42.550,07,3DD.003DEE8CA4,01_01607.log
2025-10-12 11:24:43.230,07,3DD.003DEE8CA4,01_01607.log
2025-10-12 11:24:44.010,07,3DD.003DEE8CA4,01_01607.log
2025-10-12 11:24:45.330,07,3DD.003DEE8CA4,01_01607.log
2025-10-12 11:24:46.090,07,3DD.003DEE8CA4,01_01607.log
2025-10-12 11:24:57.960,07,3DD.003DEE8CA4,01_01607.log
2025-10-12 11:24:58.660,07,3DD.003DEE8CA4,01_01607.log
2025-10-12 11:24:59.360,07,3DD.003DEE8CA4,01_01607.log
2025-10-12 11:25:00.060,07,3DD.003DEE8CA4,01_01607.log
2025-10-12 11:25:01.450,07,3DD.003DEE8CA4,01_01607.log
2025-10-12 11:25:02.130,07,3DD.003DEE8CA4,01_01607.log
2025-10-12 11:25:03.530,07,3DD.003DEE8CA4,01_01607.log
2025-10-12 11:25:04.230,07,3DD.003DEE8CA4,01_01607.log
2025-10-12 11:25:05.630,07,3DD.003DEE8CA4,01_01607.log
2025-10-12 11:25:06.330,07,3DD.003DEE8CA4,01_01607.log
2025-10-12 11:25:07.030,07,3DD.003DEE8CA4,01_01607.log
2025-10-12 11:25:08.430,07,3DD.003DEE8CA4,01_01607.log
2025-10-12 11:25:09.130,07,3DD.003DEE8CA4,01_01607.log
2025-10-12 11:25:10.530,07,3DD.003DEE8CA4,01_01607.log
2025-10-12 11:25:11.230,07,3DD.003DEE8CA4,01_01607.log
2025-10-12 11:25:12.630,07,3DD.003DEE8CA4,01_01607.log
2025-10-12 11:25:13.360,07,3DD.003DEE8CA4,01_01607.log
2025-10-12 11:25:14.060,07,3DD.003DEE8CA4,01_01607.log
2025-10-12 11:25:15.430,07,3DD.003DEE8CA4,01_01607.log
2025-10-12 11:25:16.130,07,3DD.003DEE8CA4,01_01607.log
2025-10-12 11:25:17.530,07,3DD.003DEE8CA4,01_01607.log
2025-10-12 11:25:18.230,07,3DD.003DEE8CA4,01_01607.log
2025-10-12 11:26:05.160,07,3DD.003DEE8CA4,01_01607.log
2025-10-12 11:26:06.550,07,3DD.003DEE8CA4,01_01607.log
2025-10-12 11:26:07.230,07,3DD.003DEE8CA4,01_01607.log
2025-10-12 11:26:08.660,07,3DD.003DEE8CA4,01_01607.log
2025-10-12 11:26:09.360,07,3DD.003DEE8CA4,01_01607.log
2025-10-12 11:26:10.060,07,3DD.003DEE8CA4,01_01607.log
2025-10-12 11:26:11.460,07,3DD.003DEE8CA4,01_01607.log
2025-10-12 11:26:12.160,07,3DD.003DEE8CA4,01_01607.log
2025-10-12 11:26:25.490,07,3DD.003DEE8B22,01_01607.log
2025-10-12 11:26:26.170,07,3DD.003DEE8B22,01_01607.log
2025-10-12 11:26:27.550,07,3DD.003DEE8B22,01_01607.log
2025-10-12 11:26:28.230,07,3DD.003DEE8B22,01_01607.log
2025-10-12 11:26:33.890,07,3DD.003DEE8CA4,01_01607.log
2025-10-12 11:26:34.560,07,3DD.003DEE8CA4,01_01607.log
2025-10-12 11:29:36.560,07,3DD.003DEE8CA4,01_01607.log
2025-10-12 11:29:37.260,07,3DD.003DEE8CA4,01_01607.log
2025-10-12 11:29:38.660,07,3DD.003DEE8CA4,01_01607.log
2025-10-12 11:29:39.360,07,3DD.003DEE8CA4,01_01607.log
2025-10-12 11:29:40.060,07,3DD.003DEE8CA4,01_01607.log
2025-10-12 11:29:41.430,07,3DD.003DEE8CA4,01_01607.log
2025-10-12 11:29:42.140,07,3DD.003DEE8CA4,01_01607.log
2025-10-12 11:29:43.530,07,3DD.003DEE8CA4,01_01607.log
2025-10-12 11:29:44.230,07,3DD.003DEE8CA4,01_01607.log
2025-10-12 11:29:45.630,07,3DD.003DEE8CA4,01_01607.log
2025-10-12 11:29:46.330,07,3DD.003DEE8CA4,01_01607.log
2025-10-12 11:29:47.020,07,3DD.003DEE8CA4,01_01607.log
2025-10-12 11:29:48.420,07,3DD.003DEE8CA4,01_01607.log
2025-10-12 11:29:49.120,07,3DD.003DEE8CA4,01_01607.log
2025-10-12 11:29:50.520,07,3DD.003DEE8CA4,01_01607.log
2025-10-12 11:29:51.220,07,3DD.003DEE8CA4,01_01607.log
2025-10-12 11:29:52.620,07,3DD.003DEE8CA4,01_01607.log
2025-10-12 11:29:53.320,07,3DD.003DEE8CA4,01_01607.log
2025-10-12 11:29:54.020,07,3DD.003DEE8CA4,01_01607.log
2025-10-12 11:29:55.420,07,3DD.003DEE8CA4,01_01607.log
2025-10-12 11:29:56.120,07,3DD.003DEE8CA4,01_01607.log
2025-10-12 11:29:57.520,07,3DD.003DEE8CA4,01_01607.log
2025-10-12 11:29:58.220,07,3DD.003DEE8CA4,01_01607.log
2025-10-12 11:29:59.620,07,3DD.003DEE8CA4,01_01607.log
2025-10-12 11:30:00.320,07,3DD.003DEE8CA4,01_01607.log
2025-10-12 11:30:01.020,07,3DD.003DEE8CA4,01_01607.log
2025-10-12 11:30:02.420,07,3DD.003DEE8CA4,01_01607.log
2025-10-12 11:30:03.130,07,3DD.003DEE8CA4,01_01607.log
2025-10-12 11:30:04.560,07,3DD.003DEE8CA4,01_01607.log
2025-10-12 11:30:05.260,07,3DD.003DEE8CA4,01_01607.log
2025-10-12 11:30:06.630,07,3DD.003DEE8CA4,01_01607.log
2025-10-12 11:30:07.360,07,3DD.003DEE8CA4,01_01607.log
2025-10-12 11:30:08.080,07,3DD.003DEE8B22,01_01607.log
2025-10-12 11:30:09.450,07,3DD.003DEE8B22,01_01607.log
2025-10-12 11:30:11.590,07,3DD.003DEE8CA4,01_01607.log
2025-10-12 11:30:12.260,07,3DD.003DEE8CA4,01_01607.log
2025-10-12 11:30:13.630,07,3DD.003DEE8CA4,01_01607.log
2025-10-12 11:30:14.330,07,3DD.003DEE8CA4,01_01607.log
2025-10-12 11:30:15.030,07,3DD.003DEE8CA4,01_01607.log
2025-10-12 11:30:16.430,07,3DD.003DEE8CA4,01_01607.log
2025-10-12 11:30:17.160,07,3DD.003DEE8CA4,01_01607.log
2025-10-12 11:30:21.380,07,3DD.003DEE8CA4,01_01607.log
2025-10-12 11:30:22.060,07,3DD.003DEE8CA4,01_01607.log
2025-10-12 11:30:27.660,07,3DD.003DEE8CA4,01_01607.log
2025-10-12 11:30:28.360,07,3DD.003DEE8CA4,01_01607.log
2025-10-12 11:31:27.160,07,3DD.003DEE8CA4,01_01607.log
2025-10-12 11:31:28.530,07,3DD.003DEE8CA4,01_01607.log
2025-10-12 11:31:29.230,07,3DD.003DEE8CA4,01_01607.log
2025-10-12 11:31:30.000,07,3DD.003DEE8CA4,01_01607.log
2025-10-12 11:31:39.080,07,3DD.003DEE8B22,01_01607.log
2025-10-12 11:31:40.430,07,3DD.003DEE8B22,01_01607.log
2025-10-12 11:31:41.130,07,3DD.003DEE8B22,01_01607.log
2025-10-12 11:31:41.180,07,3DD.003DEE8CA4,01_01607.log
2025-10-12 11:31:42.560,07,3DD.003DEE8CA4,01_01607.log
2025-10-12 11:31:43.260,07,3DD.003DEE8B22,01_01607.log
2025-10-12 11:35:02.780,07,3DD.003DEE8B22,01_01607.log
2025-10-12 11:35:03.460,07,3DD.003DEE8B22,01_01607.log
2025-10-12 11:35:04.160,07,3DD.003DEE8B22,01_01607.log
2025-10-12 11:35:05.560,07,3DD.003DEE8B22,01_01607.log
2025-10-12 11:35:06.260,07,3DD.003DEE8B22,01_01607.log
2025-10-12 11:39:50.410,06,3DD.003DEE8CA4,01_01607.log
2025-10-12 11:39:51.060,06,3DD.003DEE8CA4,01_01607.log
2025-10-12 11:40:21.990,07,3DD.003DEE8B22,01_01607.log
2025-10-12 11:40:22.710,07,3DD.003DEE8B22,01_01607.log
2025-10-12 11:40:26.160,07,3DD.003DEE8B22,01_01607.log
2025-10-12 11:40:27.530,07,3DD.003DEE8B22,01_01607.log
2025-10-12 11:40:28.250,07,3DD.003DEE8B22,01_01607.log
2025-10-12 11:40:29.630,07,3DD.003DEE8B22,01_01607.log
2025-10-12 11:40:30.360,07,3DD.003DEE8B22,01_01607.log
2025-10-12 11:40:31.090,07,3DD.003DEE8B22,01_01607.log
2025-10-12 11:41:08.160,07,3DD.003DEE8B22,01_01607.log
2025-10-12 11:41:09.530,07,3DD.003DEE8B22,01_01607.log
2025-10-12 11:41:10.290,07,3DD.003DEE8B22,01_01607.log
2025-10-12 11:41:11.660,07,3DD.003DEE8B22,01_01607.log
2025-10-12 11:41:12.360,07,3DD.003DEE8B22,01_01607.log
2025-10-12 11:41:13.060,07,3DD.003DEE8B22,01_01607.log
2025-10-12 11:43:14.890,07,3DD.003DEE8B22,01_01607.log
2025-10-12 11:43:15.560,07,3DD.003DEE8B22,01_01607.log
2025-10-12 11:43:16.230,07,3DD.003DEE8B22,01_01607.log
2025-10-12 11:43:19.060,07,3DD.003DEE8B22,01_01607.log
2025-10-12 11:43:20.460,07,3DD.003DEE8B22,01_01607.log
2025-10-12 11:43:21.160,07,3DD.003DEE8B22,01_01607.log
2025-10-12 11:43:22.560,07,3DD.003DEE8B22,01_01607.log
2025-10-12 11:53:52.220,03,3DD.003DEE8AF8,01_01607.log
2025-10-12 11:58:54.210,06,3DD.003DEE8AF8,01_01607.log
2025-10-12 12:02:11.160,02,3E7.0000001D02,01_01607.log
2025-10-12 12:02:11.260,03,3E7.0000001D03,01_01607.log
2025-10-12 12:02:11.370,04,3E7.0000001D04,01_01607.log
2025-10-12 12:02:11.460,05,3E7.0000001D05,01_01607.log
2025-10-12 12:02:11.560,06,3E7.0000001D06,01_01607.log
2025-10-12 12:02:11.660,07,3E7.0000001D07,01_01607.log
2025-10-12 12:02:11.760,01,3E7.0000001D01,01_01607.log
2025-10-12 12:06:01.290,07,3DD.003D7316BF,01_01607.log
2025-10-12 12:06:02.020,07,3DD.003D7316BF,01_01607.log
2025-10-12 12:06:08.260,07,3DD.003D7316BF,01_01607.log
2025-10-12 12:06:09.660,07,3DD.003D7316BF,01_01607.log
2025-10-12 12:07:40.000,07,3DD.003D7316BF,01_01607.log
2025-10-12 12:07:42.760,07,3DD.003D7316BF,01_01607.log
2025-10-12 12:07:43.450,07,3DD.003D7316BF,01_01607.log
2025-10-12 12:07:44.130,07,3DD.003D7316BF,01_01607.log
2025-10-12 12:07:49.060,07,3DD.003D7316BF,01_01607.log
2025-10-12 12:07:50.460,07,3DD.003D7316BF,01_01607.log
2025-10-12 12:14:46.980,07,3DD.003DEE8B22,01_01607.log
2025-10-12 12:14:47.020,07,3DD.003DEE8B22,01_01607.log
2025-10-12 12:14:48.330,07,3DD.003DEE8B22,01_01607.log
2025-10-12 12:14:49.060,07,3DD.003DEE8B22,01_01607.log
2025-10-12 12:14:56.060,07,3DD.003DEE8B22,01_01607.log
2025-10-12 12:15:15.660,07,3DD.003DEE8B22,01_01607.log
2025-10-12 12:15:16.360,07,3DD.003DEE8B22,01_01607.log
2025-10-12 12:15:17.060,07,3DD.003DEE8B22,01_01607.log
2025-10-12 12:21:48.390,07,3DD.003DEE8B22,01_01607.log
2025-10-12 12:21:49.060,07,3DD.003DEE8B22,01_01607.log
2025-10-12 12:21:50.460,07,3DD.003DEE8B22,01_01607.log
2025-10-12 12:21:51.160,07,3DD.003DEE8B22,01_01607.log
2025-10-12 12:21:52.560,07,3DD.003DEE8B22,01_01607.log
2025-10-12 12:21:53.260,07,3DD.003DEE8B22,01_01607.log
2025-10-12 12:21:54.660,07,3DD.003DEE8B22,01_01607.log
2025-10-12 12:21:55.360,07,3DD.003DEE8B22,01_01607.log
2025-10-12 12:21:56.060,07,3DD.003DEE8B22,01_01607.log
2025-10-12 12:22:33.160,07,3DD.003DEE8B22,01_01607.log
2025-10-12 12:22:35.260,07,3DD.003DEE8B22,01_01607.log
2025-10-12 12:22:36.660,07,3DD.003DEE8B22,01_01607.log
2025-10-12 12:22:37.360,07,3DD.003DEE8B22,01_01607.log
2025-10-12 12:22:38.030,07,3DD.003DEE8B22,01_01607.log
2025-10-12 12:33:37.490,07,3DD.003DEE8AF8,01_01607.log
2025-10-12 12:33:38.160,07,3DD.003DEE8AF8,01_01607.log
2025-10-12 12:33:39.560,07,3DD.003DEE8AF8,01_01607.log
2025-10-12 12:33:40.260,07,3DD.003DEE8AF8,01_01607.log
2025-10-12 12:33:54.960,07,3DD.003DEE8AF8,01_01607.log
2025-10-12 12:33:55.630,07,3DD.003DEE8AF8,01_01607.log
2025-10-12 12:33:56.370,07,3DD.003DEE8AF8,01_01607.log
2025-10-12 12:33:57.060,07,3DD.003DEE8AF8,01_01607.log
2025-10-12 12:34:02.660,07,3DD.003DEE8AF8,01_01607.log
2025-10-12 12:34:03.360,07,3DD.003DEE8AF8,01_01607.log
2025-10-12 12:34:27.170,07,3DD.003DEE8AF8,01_01607.log
2025-10-12 12:34:37.660,07,3DD.003DEE8AF8,01_01607.log
2025-10-12 12:34:38.360,07,3DD.003DEE8AF8,01_01607.log
2025-10-12 12:34:39.060,07,3DD.003DEE8AF8,01_01607.log
2025-10-12 12:34:40.460,07,3DD.003DEE8AF8,01_01607.log
2025-10-12 12:47:31.180,07,3DD.003DEE8B22,01_01607.log
2025-10-12 12:47:32.560,07,3DD.003DEE8B22,01_01607.log
2025-10-12 12:47:33.260,07,3DD.003DEE8B22,01_01607.log
2025-10-12 12:47:34.660,07,3DD.003DEE8B22,01_01607.log
2025-10-12 12:47:35.360,07,3DD.003DEE8B22,01_01607.log
2025-10-12 12:47:36.030,07,3DD.003DEE8B22,01_01607.log
2025-10-12 12:47:38.860,07,3DD.003DEE8B22,01_01607.log
2025-10-12 12:47:39.530,07,3DD.003DEE8B22,01_01607.log
2025-10-12 12:48:47.480,07,3DD.003D7316BF,01_01607.log
2025-10-12 12:48:48.180,07,3DD.003D7316BF,01_01607.log
2025-10-12 12:48:49.560,07,3DD.003D7316BF,01_01607.log
2025-10-12 12:48:53.100,07,3DD.003DEE8B22,01_01607.log
2025-10-12 12:48:54.500,07,3DD.003DEE8B22,01_01607.log
2025-10-12 12:52:45.490,07,3DD.003D7316BF,01_01607.log
2025-10-12 12:53:21.160,07,3DD.003D7316BF,01_01607.log
2025-10-12 12:53:26.760,07,3DD.003D7316BF,01_01607.log
2025-10-12 12:53:49.160,07,3DD.003DEE8B22,01_01607.log
2025-10-12 12:53:50.530,07,3DD.003DEE8B22,01_01607.log
2025-10-12 12:53:51.240,07,3DD.003DEE8B22,01_01607.log
2025-10-12 12:53:54.770,07,3DD.003DEE8B22,01_01607.log
2025-10-12 12:53:55.470,07,3DD.003DEE8B22,01_01607.log
2025-10-12 12:54:20.660,07,3DD.003DEE8B22,01_01607.log
2025-10-12 12:54:21.360,07,3DD.003DEE8B22,01_01607.log
2025-10-12 12:54:24.180,07,3DD.003D7316BF,01_01607.log
2025-10-12 12:54:25.530,07,3DD.003D7316BF,01_01607.log
2025-10-12 12:54:27.660,07,3DD.003D7316BF,01_01607.log
2025-10-12 12:54:28.330,07,3DD.003D7316BF,01_01607.log
2025-10-12 12:54:41.690,07,3DD.003DEE8B22,01_01607.log
2025-10-12 12:54:42.360,07,3DD.003DEE8B22,01_01607.log
2025-10-12 12:54:43.060,07,3DD.003DEE8B22,01_01607.log
2025-10-12 12:54:52.160,07,3DD.003DEE8B22,01_01607.log
2025-10-12 12:54:53.570,07,3DD.003DEE8B22,01_01607.log
2025-10-12 12:54:54.260,07,3DD.003DEE8B22,01_01607.log
2025-10-12 12:55:20.860,07,3DD.003DEE8B22,01_01607.log
2025-10-12 12:55:21.550,07,3DD.003DEE8B22,01_01607.log
2025-10-12 12:55:27.880,07,3DD.003DEE8B22,01_01607.log
2025-10-12 12:55:28.560,07,3DD.003DEE8B22,01_01607.log
2025-10-12 12:55:29.260,07,3DD.003DEE8B22,01_01607.log
2025-10-12 12:55:50.960,07,3DD.003DEE8B22,01_01607.log
2025-10-12 12:55:51.660,07,3DD.003DEE8B22,01_01607.log
2025-10-12 12:55:59.360,07,3DD.003DEE8B22,01_01607.log
2025-10-12 12:56:00.040,07,3DD.003DEE8B22,01_01607.log
2025-10-12 12:56:07.060,07,3DD.003DEE8B22,01_01607.log
2025-10-12 12:56:08.460,07,3DD.003DEE8B22,01_01607.log
2025-10-12 12:56:09.150,07,3DD.003DEE8B22,01_01607.log
2025-10-12 12:56:18.960,07,3DD.003DEE8B22,01_01607.log
2025-10-12 12:56:28.070,07,3DD.003DEE8B22,01_01607.log
2025-10-12 12:56:29.460,07,3DD.003DEE8B22,01_01607.log
2025-10-12 12:56:42.060,07,3DD.003DEE8B22,01_01607.log
2025-10-12 12:56:43.460,07,3DD.003DEE8B22,01_01607.log
2025-10-12 12:56:44.160,07,3DD.003DEE8B22,01_01607.log
2025-10-12 12:57:00.980,07,3DD.003D7316BF,01_01607.log
2025-10-12 12:57:01.010,07,3DD.003D7316BF,01_01607.log
2025-10-12 12:57:02.330,07,3DD.003D7316BF,01_01607.log
2025-10-12 12:57:03.060,07,3DD.003D7316BF,01_01607.log
2025-10-12 12:57:09.380,07,3DD.003DEE8B22,01_01607.log
2025-10-12 12:57:10.060,07,3DD.003DEE8B22,01_01607.log
2025-10-12 12:57:11.460,07,3DD.003DEE8B22,01_01607.log
2025-10-12 12:57:12.160,07,3DD.003DEE8B22,01_01607.log
2025-10-12 12:57:17.060,07,3DD.003DEE8B22,01_01607.log
2025-10-12 12:57:33.880,07,3DD.003DEE8B22,01_01607.log
2025-10-12 12:57:34.560,07,3DD.003DEE8B22,01_01607.log
2025-10-12 12:58:05.360,07,3DD.003DEE8B22,01_01607.log
2025-10-12 12:58:06.030,07,3DD.003DEE8B22,01_01607.log
2025-10-12 12:58:10.960,07,3DD.003DEE8B22,01_01607.log
2025-10-12 12:58:16.600,07,3DD.003DEE8B22,01_01607.log
2025-10-12 12:58:17.260,07,3DD.003DEE8B22,01_01607.log
2025-10-12 12:58:18.640,07,3DD.003DEE8B22,01_01607.log
2025-10-12 12:58:19.360,07,3DD.003DEE8B22,01_01607.log
2025-10-12 12:58:36.200,07,3DD.003DEE8B22,01_01607.log
2025-10-12 12:58:37.560,07,3DD.003DEE8B22,01_01607.log
2025-10-12 12:58:38.260,07,3DD.003DEE8B22,01_01607.log
2025-10-12 12:58:48.060,07,3DD.003DEE8B22,01_01607.log
2025-10-12 12:59:15.360,07,3DD.003DEE8B22,01_01607.log
2025-10-12 12:59:16.060,07,3DD.003DEE8B22,01_01607.log
2025-10-12 12:59:17.460,07,3DD.003DEE8B22,01_01607.log
2025-10-12 12:59:18.190,07,3DD.003DEE8B22,01_01607.log
2025-10-12 12:59:41.960,07,3DD.003DEE8B22,01_01607.log
2025-10-12 13:00:01.560,07,3DD.003DEE8B22,01_01607.log
2025-10-12 13:00:02.260,07,3DD.003DEE8B22,01_01607.log
2025-10-12 13:00:23.290,07,3DD.003D7316BF,01_01607.log
2025-10-12 13:00:24.660,07,3DD.003D7316BF,01_01607.log
2025-10-12 13:00:25.330,07,3DD.003D7316BF,01_01607.log
2025-10-12 13:00:26.060,07,3DD.003D7316BF,01_01607.log
2025-10-12 13:01:01.890,01,3DD.003DEE8B46,01_01607.log
2025-10-12 13:01:38.880,07,3DD.003D7316BF,01_01607.log
2025-10-12 13:01:39.560,07,3DD.003D7316BF,01_01607.log
2025-10-12 13:01:40.260,07,3DD.003D7316BF,01_01607.log
2025-10-12 13:02:11.160,01,3E7.0000001D01,01_01607.log
2025-10-12 13:02:11.260,02,3E7.0000001D02,01_01607.log
2025-10-12 13:02:11.370,03,3E7.0000001D03,01_01607.log
2025-10-12 13:02:11.460,04,3E7.0000001D04,01_01607.log
2025-10-12 13:02:11.560,05,3E7.0000001D05,01_01607.log
2025-10-12 13:02:11.660,06,3E7.0000001D06,01_01607.log
2025-10-12 13:02:11.760,07,3E7.0000001D07,01_01607.log
2025-10-12 13:05:45.290,07,3DD.003D7316BF,01_01607.log
2025-10-12 13:05:46.660,07,3DD.003D7316BF,01_01607.log
2025-10-12 13:08:07.380,07,3DD.003D7316BF,01_01607.log
2025-10-12 13:08:08.050,07,3DD.003D7316BF,01_01607.log
2025-10-12 13:08:09.430,07,3DD.003D7316BF,01_01607.log
2025-10-12 13:10:02.180,07,3DD.003D7316BF,01_01607.log
2025-10-12 13:10:03.530,07,3DD.003D7316BF,01_01607.log
2025-10-12 13:10:05.660,07,3DD.003D7316BF,01_01607.log
2025-10-12 13:16:26.080,03,3DD.003DEE8B46,01_01607.log
2025-10-12 13:16:27.430,03,3DD.003DEE8B46,01_01607.log
2025-10-12 13:27:14.590,06,3DD.003DEE8B46,01_01607.log
2025-10-12 13:27:15.250,06,3DD.003DEE8B46,01_01607.log
2025-10-12 13:27:16.630,06,3DD.003DEE8B46,01_01607.log
2025-10-12 13:29:54.980,07,3DD.003D7316BF,01_01607.log
2025-10-12 13:29:55.020,07,3DD.003D7316BF,01_01607.log
2025-10-12 13:29:56.350,07,3DD.003D7316BF,01_01607.log
2025-10-12 13:29:57.030,07,3DD.003D7316BF,01_01607.log
2025-10-12 13:29:59.860,07,3DD.003D7316BF,01_01607.log
2025-10-12 13:30:00.590,07,3DD.003D7316BF,01_01607.log
2025-10-12 13:30:26.460,07,3DD.003D7316BF,01_01607.log
2025-10-12 13:30:27.190,07,3DD.003D7316BF,01_01607.log
2025-10-12 13:30:28.560,07,3DD.003D7316BF,01_01607.log
2025-10-12 13:30:33.460,07,3DD.003D7316BF,01_01607.log
2025-10-12 13:30:34.160,07,3DD.003D7316BF,01_01607.log
2025-10-12 13:30:41.860,07,3DD.003D7316BF,01_01607.log
2025-10-12 13:30:42.560,07,3DD.003D7316BF,01_01607.log
2025-10-12 13:30:43.260,07,3DD.003D7316BF,01_01607.log
2025-10-12 13:53:54.180,07,3DD.003DEE8B46,01_01607.log
2025-10-12 13:53:55.560,07,3DD.003DEE8B46,01_01607.log
2025-10-12 13:53:56.260,07,3DD.003DEE8B46,01_01607.log
2025-10-12 13:54:01.190,07,3DD.003DEE8B46,01_01607.log
2025-10-12 13:54:02.590,07,3DD.003DEE8B46,01_01607.log
2025-10-12 13:54:14.460,07,3DD.003DEE8B46,01_01607.log
2025-10-12 13:54:15.160,07,3DD.003DEE8B46,01_01607.log
2025-10-12 13:54:16.560,07,3DD.003DEE8B46,01_01607.log
2025-10-12 13:54:22.860,07,3DD.003DEE8B46,01_01607.log
2025-10-12 13:54:23.560,07,3DD.003DEE8B46,01_01607.log
2025-10-12 13:54:38.260,07,3DD.003DEE8B46,01_01607.log
2025-10-12 13:54:39.010,07,3DD.003DEE8B46,01_01607.log
2025-10-12 13:54:40.360,07,3DD.003DEE8B46,01_01607.log
2025-10-12 13:54:41.060,07,3DD.003DEE8B46,01_01607.log
2025-10-12 13:54:48.760,07,3DD.003DEE8B46,01_01607.log
2025-10-12 13:54:49.430,07,3DD.003DEE8B46,01_01607.log
2025-10-12 13:55:25.160,07,3DD.003DEE8B46,01_01607.log
2025-10-12 13:55:30.760,07,3DD.003DEE8B46,01_01607.log
2025-10-12 13:55:31.450,07,3DD.003DEE8B46,01_01607.log
2025-10-12 13:55:32.130,07,3DD.003DEE8B46,01_01607.log
2025-10-12 13:55:46.860,07,3DD.003DEE8B46,01_01607.log
2025-10-12 13:55:47.530,07,3DD.003DEE8B46,01_01607.log
2025-10-12 13:55:48.220,07,3DD.003DEE8B46,01_01607.log
2025-10-12 13:55:53.160,07,3DD.003DEE8B46,01_01607.log
2025-10-12 13:55:54.530,07,3DD.003DEE8B46,01_01607.log
2025-10-12 13:56:08.220,03,3DD.003DEE8B35,01_01607.log
2025-10-12 13:56:19.100,07,3DD.003DEE8B46,01_01607.log
2025-10-12 13:56:20.460,07,3DD.003DEE8B46,01_01607.log
2025-10-12 13:56:21.160,07,3DD.003DEE8B46,01_01607.log
2025-10-12 13:56:24.660,07,3DD.003DEE8B46,01_01607.log
2025-10-12 13:56:25.340,07,3DD.003DEE8B46,01_01607.log
2025-10-12 13:56:58.260,07,3DD.003DEE8B46,01_01607.log
2025-10-12 13:56:59.660,07,3DD.003DEE8B46,01_01607.log
2025-10-12 13:57:00.360,07,3DD.003DEE8B46,01_01607.log
2025-10-12 13:57:01.030,07,3DD.003DEE8B46,01_01607.log
2025-10-12 13:57:34.660,07,3DD.003DEE8B46,01_01607.log
2025-10-12 13:57:35.360,07,3DD.003DEE8B46,01_01607.log
2025-10-12 13:57:36.060,07,3DD.003DEE8B46,01_01607.log
2025-10-12 13:57:37.460,07,3DD.003DEE8B46,01_01607.log
2025-10-12 13:57:38.150,07,3DD.003DEE8B46,01_01607.log
2025-10-12 13:57:57.760,07,3DD.003DEE8B46,01_01607.log
2025-10-12 13:57:58.460,07,3DD.003DEE8B46,01_01607.log
2025-10-12 13:58:11.760,07,3DD.003DEE8B46,01_01607.log
2025-10-12 13:58:18.760,07,3DD.003DEE8B46,01_01607.log
2025-10-12 13:58:19.460,07,3DD.003DEE8B46,01_01607.log
2025-10-12 13:58:27.860,07,3DD.003DEE8B46,01_01607.log
2025-10-12 13:58:28.530,07,3DD.003DEE8B46,01_01607.log
2025-10-12 14:00:07.280,07,3DD.003DEE8B46,01_01607.log
2025-10-12 14:00:08.660,07,3DD.003DEE8B46,01_01607.log
2025-10-12 14:00:09.390,07,3DD.003DEE8B46,01_01607.log
2025-10-12 14:00:14.960,07,3DD.003DEE8B46,01_01607.log
2025-10-12 14:00:15.690,07,3DD.003DEE8B46,01_01607.log
2025-10-12 14:00:28.260,07,3DD.003DEE8B46,01_01607.log
2025-10-12 14:00:29.660,07,3DD.003DEE8B46,01_01607.log
2025-10-12 14:00:30.360,07,3DD.003DEE8B46,01_01607.log
2025-10-12 14:00:31.040,07,3DD.003DEE8B46,01_01607.log
2025-10-12 14:00:42.300,07,3DD.003DEE8B46,01_01607.log
2025-10-12 14:00:43.010,07,3DD.003DEE8B46,01_01607.log
2025-10-12 14:00:44.360,07,3DD.003DEE8B46,01_01607.log
2025-10-12 14:00:45.060,07,3DD.003DEE8B46,01_01607.log
2025-10-12 14:00:54.160,07,3DD.003DEE8B46,01_01607.log
2025-10-12 14:02:11.160,07,3E7.0000001D07,01_01607.log
2025-10-12 14:02:11.360,02,3E7.0000001D02,01_01607.log
2025-10-12 14:02:11.460,03,3E7.0000001D03,01_01607.log
2025-10-12 14:02:11.560,04,3E7.0000001D04,01_01607.log
2025-10-12 14:02:11.670,05,3E7.0000001D05,01_01607.log
2025-10-12 14:02:11.760,06,3E7.0000001D06,01_01607.log
2025-10-12 14:03:33.660,06,3DD.003DEE8B35,01_01607.log
2025-10-12 14:03:34.370,06,3DD.003DEE8B35,01_01607.log
2025-10-12 14:03:35.030,06,3DD.003DEE8B35,01_01607.log
2025-10-12 14:03:36.460,06,3DD.003DEE8B35,01_01607.log
2025-10-12 14:05:41.190,07,3DD.003DEE8B46,01_01607.log
2025-10-12 14:05:46.080,07,3DD.003D7316BF,01_01607.log
2025-10-12 14:07:26.190,07,3DD.003DEE8B46,01_01607.log
2025-10-12 14:07:27.560,07,3DD.003DEE8B46,01_01607.log
2025-10-12 14:07:28.260,07,3DD.003DEE8B46,01_01607.log
2025-10-12 14:07:35.910,06,3DD.003D7316BF,01_01607.log
2025-10-12 14:07:36.530,06,3DD.003D7316BF,01_01607.log
2025-10-12 14:07:37.960,06,3DD.003D7316BF,01_01607.log
2025-10-12 14:07:38.010,06,3DD.003D7316BF,01_01607.log
2025-10-12 14:07:39.360,06,3DD.003D7316BF,01_01607.log
2025-10-12 14:07:40.160,07,3DD.003DEE8B46,01_01607.log
2025-10-12 14:08:36.160,07,3DD.003DEE8B46,01_01607.log
2025-10-12 14:08:37.560,07,3DD.003DEE8B46,01_01607.log
2025-10-12 14:08:38.260,07,3DD.003DEE8B46,01_01607.log
2025-10-12 14:08:45.960,07,3DD.003DEE8B46,01_01607.log
2025-10-12 14:08:46.660,07,3DD.003DEE8B46,01_01607.log
2025-10-12 14:08:47.350,07,3DD.003DEE8B46,01_01607.log
2025-10-12 14:08:55.760,07,3DD.003DEE8B46,01_01607.log
2025-10-12 14:08:56.460,07,3DD.003DEE8B46,01_01607.log
2025-10-12 14:08:57.160,07,3DD.003DEE8B46,01_01607.log
2025-10-12 14:09:05.560,07,3DD.003DEE8B46,01_01607.log
2025-10-12 14:09:06.260,07,3DD.003DEE8B46,01_01607.log
2025-10-12 14:09:14.660,07,3DD.003DEE8B46,01_01607.log
2025-10-12 14:09:15.360,07,3DD.003DEE8B46,01_01607.log
2025-10-12 14:09:16.060,07,3DD.003DEE8B46,01_01607.log
2025-10-12 14:09:32.860,07,3DD.003DEE8B46,01_01607.log
2025-10-12 14:09:33.560,07,3DD.003DEE8B46,01_01607.log
2025-10-12 14:09:44.060,07,3DD.003DEE8B46,01_01607.log
2025-10-12 14:09:45.460,07,3DD.003DEE8B46,01_01607.log
2025-10-12 14:09:46.160,07,3DD.003DEE8B46,01_01607.log
2025-10-12 14:09:49.380,04,3DD.003D7316BF,01_01607.log
2025-10-12 14:09:50.060,04,3DD.003D7316BF,01_01607.log
2025-10-12 14:09:55.260,07,3DD.003DEE8B46,01_01607.log
2025-10-12 14:32:59.860,07,3DD.003DEE8B46,01_01607.log
2025-10-12 14:40:32.090,07,3DD.003DEE8B46,01_01607.log
2025-10-12 14:40:33.460,07,3DD.003DEE8B46,01_01607.log
2025-10-12 14:41:26.660,07,3DD.003DEE8B46,01_01607.log
2025-10-12 14:41:27.360,07,3DD.003DEE8B46,01_01607.log
2025-10-12 14:41:28.060,07,3DD.003DEE8B46,01_01607.log
2025-10-12 14:41:34.360,07,3DD.003DEE8B46,01_01607.log
2025-10-12 14:42:28.260,07,3DD.003DEE8B46,01_01607.log
2025-10-12 14:42:29.010,07,3DD.003DEE8B46,01_01607.log
2025-10-12 14:42:30.360,07,3DD.003DEE8B46,01_01607.log
2025-10-12 14:42:36.660,07,3DD.003DEE8B46,01_01607.log
2025-10-12 14:43:06.760,07,3DD.003DEE8B46,01_01607.log
2025-10-12 14:43:07.460,07,3DD.003DEE8B46,01_01607.log
2025-10-12 14:43:08.160,07,3DD.003DEE8B46,01_01607.log
2025-10-12 14:43:17.260,07,3DD.003DEE8B46,01_01607.log
2025-10-12 14:43:36.860,07,3DD.003DEE8B46,01_01607.log
2025-10-12 14:43:37.550,07,3DD.003DEE8B46,01_01607.log
2025-10-12 14:43:38.230,07,3DD.003DEE8B46,01_01607.log
2025-10-12 14:43:53.720,07,3DD.003DEE8B46,01_01607.log
2025-10-12 14:43:54.360,07,3DD.003DEE8B46,01_01607.log
2025-10-12 14:44:09.060,07,3DD.003DEE8B46,01_01607.log
2025-10-12 14:44:11.160,07,3DD.003DEE8B46,01_01607.log
2025-10-12 14:45:33.090,07,3DD.003DEE8B46,01_01607.log
2025-10-12 14:45:34.430,07,3DD.003DEE8B46,01_01607.log
2025-10-12 14:45:35.160,07,3DD.003DEE8B46,01_01607.log
2025-10-12 14:45:41.460,07,3DD.003DEE8B46,01_01607.log
2025-10-12 14:46:10.860,07,3DD.003DEE8B46,01_01607.log
2025-10-12 14:46:11.570,07,3DD.003DEE8B46,01_01607.log
2025-10-12 14:46:12.260,07,3DD.003DEE8B46,01_01607.log
2025-10-12 14:46:15.790,07,3DD.003DEE8B46,01_01607.log
2025-10-12 14:46:16.460,07,3DD.003DEE8B46,01_01607.log
2025-10-12 14:46:17.130,07,3DD.003DEE8B46,01_01607.log
2025-10-12 14:46:40.960,07,3DD.003DEE8B46,01_01607.log
2025-10-12 14:46:41.630,07,3DD.003DEE8B46,01_01607.log
2025-10-12 14:46:42.360,07,3DD.003DEE8B46,01_01607.log
2025-10-12 14:46:46.560,07,3DD.003DEE8B46,01_01607.log
2025-10-12 14:46:47.260,07,3DD.003DEE8B46,01_01607.log
2025-10-12 14:47:00.600,07,3DD.003DEE8B46,01_01607.log
2025-10-12 14:47:01.260,07,3DD.003DEE8B46,01_01607.log
2025-10-12 14:47:48.160,07,3DD.003DEE8B46,01_01607.log
2025-10-12 14:47:55.870,07,3DD.003DEE8B46,01_01607.log
2025-10-12 14:48:50.460,07,3DD.003DEE8B46,01_01607.log
2025-10-12 14:48:51.130,07,3DD.003DEE8B46,01_01607.log
2025-10-12 14:48:52.600,07,3DD.003DEE8B46,01_01607.log
2025-10-12 14:48:53.260,07,3DD.003DEE8B46,01_01607.log
2025-10-12 14:48:54.660,07,3DD.003DEE8B46,01_01607.log
2025-10-12 14:48:55.330,07,3DD.003DEE8B46,01_01607.log
2025-10-12 14:53:31.180,07,3DD.003DEE8B46,01_01607.log
2025-10-12 14:53:32.560,07,3DD.003DEE8B46,01_01607.log
2025-10-12 14:53:33.260,07,3DD.003DEE8B46,01_01607.log
2025-10-12 14:53:33.990,07,3DD.003DEE8B35,01_01607.log
2025-10-12 14:53:34.690,07,3DD.003DEE8B46,01_01607.log
2025-10-12 14:55:51.200,07,3DD.003DEE8B46,01_01607.log
2025-10-12 15:02:11.160,06,3E7.0000001D06,01_01607.log
2025-10-12 15:02:11.260,07,3E7.0000001D07,01_01607.log
2025-10-12 15:02:11.360,01,3E7.0000001D01,01_01607.log
2025-10-12 15:02:11.460,02,3E7.0000001D02,01_01607.log
2025-10-12 15:02:11.560,03,3E7.0000001D03,01_01607.log
2025-10-12 15:02:11.660,04,3E7.0000001D04,01_01607.log
2025-10-12 15:02:11.770,05,3E7.0000001D05,01_01607.log
2025-10-12 15:05:01.390,07,3DD.003DEE8B35,01_01607.log
2025-10-12 15:09:48.360,07,3DD.003DEE8B35,01_01607.log
2025-10-12 15:09:49.050,07,3DD.003DEE8B35,01_01607.log
2025-10-12 15:09:54.660,07,3DD.003DEE8B35,01_01607.log
2025-10-12 15:09:55.330,07,3DD.003DEE8B35,01_01607.log
2025-10-12 15:10:26.860,07,3DD.003DEE8B35,01_01607.log
2025-10-12 15:17:32.360,06,3DD.003DEE8B46,01_01607.log
2025-10-12 15:17:33.060,06,3DD.003DEE8B46,01_01607.log
2025-10-12 15:20:29.600,07,3DD.003DEE8B35,01_01607.log
2025-10-12 15:20:43.990,04,3DD.003DEE8B46,01_01607.log
2025-10-12 15:20:44.660,04,3DD.003DEE8B46,01_01607.log
2025-10-12 15:20:45.330,04,3DD.003DEE8B46,01_01607.log
2025-10-12 15:20:46.020,04,3DD.003DEE8B46,01_01607.log
2025-10-12 15:20:47.430,04,3DD.003DEE8B46,01_01607.log
2025-10-12 15:23:21.790,07,3DD.003DEE8B35,01_01607.log
2025-10-12 15:23:23.160,07,3DD.003DEE8B35,01_01607.log
2025-10-12 15:40:16.690,06,3DD.003DEE8B35,01_01607.log
2025-10-12 15:40:17.360,06,3DD.003DEE8B35,01_01607.log
2025-10-12 15:41:11.960,06,3DD.003DEE8B35,01_01607.log
2025-10-12 15:42:08.000,06,3DD.003DEE8B35,01_01607.log
2025-10-12 15:45:01.960,03,3DD.003DEE8B35,01_01607.log
2025-10-12 15:45:02.630,03,3DD.003DEE8B35,01_01607.log
2025-10-12 16:02:11.160,05,3E7.0000001D05,01_01607.log
2025-10-12 16:02:11.260,06,3E7.0000001D06,01_01607.log
2025-10-12 16:02:11.360,07,3E7.0000001D07,01_01607.log
2025-10-12 16:02:11.460,01,3E7.0000001D01,01_01607.log
2025-10-12 16:02:11.560,02,3E7.0000001D02,01_01607.log
2025-10-12 16:02:11.660,03,3E7.0000001D03,01_01607.log
2025-10-12 16:02:11.760,04,3E7.0000001D04,01_01607.log
2025-10-12 16:20:38.890,01,3DD.003DEE8EE1,01_01607.log
2025-10-12 16:29:08.010,03,3DD.003DEE8EE1,01_01607.log
2025-10-12 16:29:09.370,03,3DD.003DEE8EE1,01_01607.log
2025-10-12 16:29:10.030,03,3DD.003DEE8EE1,01_01607.log
2025-10-12 17:02:11.160,04,3E7.0000001D04,01_01607.log
2025-10-12 17:02:11.260,05,3E7.0000001D05,01_01607.log
2025-10-12 17:02:11.360,06,3E7.0000001D06,01_01607.log
2025-10-12 17:02:11.460,07,3E7.0000001D07,01_01607.log
2025-10-12 17:02:11.560,01,3E7.0000001D01,01_01607.log
2025-10-12 17:02:11.660,02,3E7.0000001D02,01_01607.log
2025-10-12 17:02:11.760,03,3E7.0000001D03,01_01607.log
2025-10-12 17:19:24.290,03,3DD.003DEE8EE1,01_01607.log
2025-10-12 17:19:25.000,03,3DD.003DEE8EE1,01_01607.log
2025-10-12 17:29:54.290,03,3DD.003DEE8EE1,01_01607.log
2025-10-12 17:30:09.690,03,3DD.003DEE8EE1,01_01607.log
2025-10-12 17:57:04.580,03,3DD.003DEE8EE1,01_01607.log
2025-10-12 18:02:11.160,03,3E7.0000001D03,01_01607.log
2025-10-12 18:02:11.260,04,3E7.0000001D04,01_01607.log
2025-10-12 18:02:11.360,05,3E7.0000001D05,01_01607.log
2025-10-12 18:02:11.460,06,3E7.0000001D06,01_01607.log
2025-10-12 18:02:11.560,07,3E7.0000001D07,01_01607.log
2025-10-12 18:02:11.660,01,3E7.0000001D01,01_01607.log
2025-10-12 18:02:11.770,02,3E7.0000001D02,01_01607.log
2025-10-12 18:29:31.680,07,3DD.003DEE8EE1,01_01607.log
2025-10-12 18:29:32.360,07,3DD.003DEE8EE1,01_01607.log
2025-10-12 18:29:33.020,07,3DD.003DEE8EE1,01_01607.log
2025-10-12 18:29:40.060,07,3DD.003DEE8EE1,01_01607.log
2025-10-12 18:29:41.460,07,3DD.003DEE8EE1,01_01607.log
2025-10-12 18:42:16.710,06,3DD.003DEE8EE1,01_01607.log
2025-10-12 18:42:17.370,06,3DD.003DEE8EE1,01_01607.log
2025-10-12 18:42:18.020,06,3DD.003DEE8EE1,01_01607.log
2025-10-12 18:42:36.960,06,3DD.003DEE8EE1,01_01607.log
2025-10-12 18:42:37.020,06,3DD.003DEE8EE1,01_01607.log
2025-10-12 10:02:11.160,04,3E7.0000001D04,01_01607.log
2025-10-12 10:02:11.160,04,3E7.0000001D04,01_01607.log
2025-10-12 10:02:11.260,05,3E7.0000001D05,01_01607.log
2025-10-12 10:02:11.360,06,3E7.0000001D06,01_01607.log
2025-10-12 10:02:11.460,07,3E7.0000001D07,01_01607.log
2025-10-12 10:02:11.600,01,3E7.0000001D01,01_01607.log
2025-10-12 10:02:11.710,02,3E7.0000001D02,01_01607.log
2025-10-12 10:02:11.760,03,3E7.0000001D03,01_01607.log
2025-10-12 10:35:58.990,03,3DD.003DEE8B22,01_01607.log
2025-10-12 10:35:59.020,03,3DD.003DEE8B22,01_01607.log
2025-10-12 10:39:22.710,03,3DD.003DEE8CA4,01_01607.log
2025-10-12 10:39:30.390,03,3DD.003DEE8CA4,01_01607.log
2025-10-12 10:39:31.060,03,3DD.003DEE8CA4,01_01607.log
2025-10-12 10:39:43.670,03,3DD.003DEE8CA4,01_01607.log
2025-10-12 10:39:44.330,03,3DD.003DEE8CA4,01_01607.log
2025-10-12 10:39:45.070,03,3DD.003DEE8CA4,01_01607.log
2025-10-12 10:45:04.510,05,3DD.003DEE8CA4,01_01607.log
2025-10-12 10:52:21.390,06,3DD.003DEE8B22,01_01607.log
2025-10-12 10:52:22.050,06,3DD.003DEE8B22,01_01607.log
2025-10-12 11:02:11.160,03,3E7.0000001D03,01_01607.log
2025-10-12 11:02:11.270,04,3E7.0000001D04,01_01607.log
2025-10-12 11:02:11.360,05,3E7.0000001D05,01_01607.log
2025-10-12 11:02:11.460,06,3E7.0000001D06,01_01607.log
2025-10-12 11:02:11.560,07,3E7.0000001D07,01_01607.log
2025-10-12 11:02:11.680,01,3E7.0000001D01,01_01607.log
2025-10-12 11:02:11.760,02,3E7.0000001D02,01_01607.log
2025-10-12 11:11:16.190,07,3DD.003DEE8CA4,01_01607.log
2025-10-12 11:11:17.550,07,3DD.003DEE8CA4,01_01607.log
2025-10-12 11:11:18.230,07,3DD.003DEE8CA4,01_01607.log
2025-10-12 11:14:23.080,07,3DD.003DEE8B22,01_01607.log
2025-10-12 11:14:24.430,07,3DD.003DEE8B22,01_01607.log
2025-10-12 11:14:25.150,07,3DD.003DEE8B22,01_01607.log
2025-10-12 11:14:26.530,07,3DD.003DEE8B22,01_01607.log
2025-10-12 11:14:27.260,07,3DD.003DEE8B22,01_01607.log
2025-10-12 11:14:28.000,07,3DD.003DEE8B22,01_01607.log
2025-10-12 11:14:29.330,07,3DD.003DEE8B22,01_01607.log
2025-10-12 11:14:57.360,07,3DD.003DEE8CA4,01_01607.log
2025-10-12 11:14:58.060,07,3DD.003DEE8CA4,01_01607.log
2025-10-12 11:14:59.480,07,3DD.003DEE8B22,01_01607.log
2025-10-12 11:15:00.160,07,3DD.003DEE8B22,01_01607.log
2025-10-12 11:15:01.590,07,3DD.003DEE8B22,01_01607.log
2025-10-12 11:15:02.990,07,3DD.003DEE8CA4,01_01607.log
2025-10-12 11:15:03.660,07,3DD.003DEE8CA4,01_01607.log
2025-10-12 11:15:04.360,07,3DD.003DEE8CA4,01_01607.log
2025-10-12 11:15:05.050,07,3DD.003DEE8CA4,01_01607.log
2025-10-12 11:15:06.420,07,3DD.003DEE8CA4,01_01607.log
2025-10-12 11:15:07.120,07,3DD.003DEE8CA4,01_01607.log
2025-10-12 11:15:08.520,07,3DD.003DEE8CA4,01_01607.log
2025-10-12 11:15:09.220,07,3DD.003DEE8CA4,01_01607.log
2025-10-12 11:15:10.620,07,3DD.003DEE8CA4,01_01607.log
2025-10-12 11:15:11.320,07,3DD.003DEE8CA4,01_01607.log
2025-10-12 11:15:12.020,07,3DD.003DEE8CA4,01_01607.log
2025-10-12 11:15:13.420,07,3DD.003DEE8CA4,01_01607.log
2025-10-12 11:15:14.120,07,3DD.003DEE8CA4,01_01607.log
2025-10-12 11:15:15.520,07,3DD.003DEE8CA4,01_01607.log
2025-10-12 11:15:16.220,07,3DD.003DEE8CA4,01_01607.log
2025-10-12 11:15:17.630,07,3DD.003DEE8CA4,01_01607.log
2025-10-12 11:15:18.330,07,3DD.003DEE8CA4,01_01607.log
2025-10-12 11:15:19.020,07,3DD.003DEE8CA4,01_01607.log
2025-10-12 11:15:20.460,07,3DD.003DEE8CA4,01_01607.log
2025-10-12 11:15:21.160,07,3DD.003DEE8CA4,01_01607.log
2025-10-12 11:15:22.540,07,3DD.003DEE8CA4,01_01607.log
2025-10-12 11:15:23.260,07,3DD.003DEE8CA4,01_01607.log
2025-10-12 11:15:24.010,07,3DD.003DEE8CA4,01_01607.log
2025-10-12 11:15:25.330,07,3DD.003DEE8CA4,01_01607.log
2025-10-12 11:15:26.030,07,3DD.003DEE8CA4,01_01607.log
2025-10-12 11:15:27.430,07,3DD.003DEE8CA4,01_01607.log
2025-10-12 11:15:28.130,07,3DD.003DEE8CA4,01_01607.log
2025-10-12 11:15:29.530,07,3DD.003DEE8CA4,01_01607.log
2025-10-12 11:15:30.230,07,3DD.003DEE8CA4,01_01607.log
2025-10-12 11:15:31.630,07,3DD.003DEE8CA4,01_01607.log
2025-10-12 11:15:32.330,07,3DD.003DEE8CA4,01_01607.log
2025-10-12 11:15:33.030,07,3DD.003DEE8CA4,01_01607.log
2025-10-12 11:15:34.430,07,3DD.003DEE8CA4,01_01607.log
2025-10-12 11:15:35.130,07,3DD.003DEE8CA4,01_01607.log
2025-10-12 11:15:36.530,07,3DD.003DEE8CA4,01_01607.log
2025-10-12 11:15:37.230,07,3DD.003DEE8CA4,01_01607.log
2025-10-12 11:15:38.660,07,3DD.003DEE8CA4,01_01607.log
2025-10-12 11:15:39.330,07,3DD.003DEE8CA4,01_01607.log
2025-10-12 11:15:40.030,07,3DD.003DEE8CA4,01_01607.log
2025-10-12 11:15:41.430,07,3DD.003DEE8CA4,01_01607.log
2025-10-12 11:15:42.130,07,3DD.003DEE8CA4,01_01607.log
2025-10-12 11:15:43.530,07,3DD.003DEE8CA4,01_01607.log
2025-10-12 11:15:44.230,07,3DD.003DEE8CA4,01_01607.log
2025-10-12 11:15:45.630,07,3DD.003DEE8CA4,01_01607.log
2025-10-12 11:15:46.330,07,3DD.003DEE8CA4,01_01607.log
2025-10-12 11:15:47.030,07,3DD.003DEE8CA4,01_01607.log
2025-10-12 11:15:48.430,07,3DD.003DEE8CA4,01_01607.log
2025-10-12 11:15:49.130,07,3DD.003DEE8CA4,01_01607.log
2025-10-12 11:15:50.530,07,3DD.003DEE8CA4,01_01607.log
2025-10-12 11:15:51.230,07,3DD.003DEE8CA4,01_01607.log
2025-10-12 11:15:52.630,07,3DD.003DEE8CA4,01_01607.log
2025-10-12 11:15:53.330,07,3DD.003DEE8CA4,01_01607.log
2025-10-12 11:15:54.030,07,3DD.003DEE8CA4,01_01607.log
2025-10-12 11:15:55.430,07,3DD.003DEE8CA4,01_01607.log
2025-10-12 11:15:56.150,07,3DD.003DEE8CA4,01_01607.log
2025-10-12 11:15:56.180,07,3DD.003DEE8B22,01_01607.log
2025-10-12 11:15:57.530,07,3DD.003DEE8B22,01_01607.log
2025-10-12 11:15:58.230,07,3DD.003DEE8B22,01_01607.log
2025-10-12 11:15:59.000,07,3DD.003DEE8B22,01_01607.log
2025-10-12 11:16:00.360,07,3DD.003DEE8B22,01_01607.log
2025-10-12 11:16:01.060,07,3DD.003DEE8B22,01_01607.log
2025-10-12 11:16:02.460,07,3DD.003DEE8B22,01_01607.log
2025-10-12 11:16:03.900,07,3DD.003DEE8CA4,01_01607.log
2025-10-12 11:16:04.560,07,3DD.003DEE8CA4,01_01607.log
2025-10-12 11:16:05.290,07,3DD.003DEE8CA4,01_01607.log
2025-10-12 11:16:06.630,07,3DD.003DEE8CA4,01_01607.log
2025-10-12 11:16:07.360,07,3DD.003DEE8CA4,01_01607.log
2025-10-12 11:16:08.060,07,3DD.003DEE8CA4,01_01607.log
2025-10-12 11:16:09.450,07,3DD.003DEE8CA4,01_01607.log
2025-10-12 11:16:10.130,07,3DD.003DEE8CA4,01_01607.log
2025-10-12 11:16:11.530,07,3DD.003DEE8CA4,01_01607.log
2025-10-12 11:16:12.260,07,3DD.003DEE8CA4,01_01607.log
2025-10-12 11:16:13.660,07,3DD.003DEE8CA4,01_01607.log
2025-10-12 11:16:14.360,07,3DD.003DEE8CA4,01_01607.log
2025-10-12 11:16:15.060,07,3DD.003DEE8CA4,01_01607.log
2025-10-12 11:16:16.460,07,3DD.003DEE8CA4,01_01607.log
2025-10-12 11:16:17.160,07,3DD.003DEE8CA4,01_01607.log
2025-10-12 11:16:18.530,07,3DD.003DEE8CA4,01_01607.log
2025-10-12 11:16:19.260,07,3DD.003DEE8CA4,01_01607.log
2025-10-12 11:16:20.650,07,3DD.003DEE8CA4,01_01607.log
2025-10-12 11:16:21.380,07,3DD.003DEE8B22,01_01607.log
2025-10-12 11:16:22.050,07,3DD.003DEE8B22,01_01607.log
2025-10-12 11:16:23.430,07,3DD.003DEE8B22,01_01607.log
2025-10-12 11:16:24.860,07,3DD.003DEE8B22,01_01607.log
2025-10-12 11:16:25.580,07,3DD.003DEE8CA4,01_01607.log
2025-10-12 11:16:26.260,07,3DD.003DEE8CA4,01_01607.log
2025-10-12 11:16:27.630,07,3DD.003DEE8CA4,01_01607.log
2025-10-12 11:16:28.330,07,3DD.003DEE8CA4,01_01607.log
2025-10-12 11:16:29.030,07,3DD.003DEE8CA4,01_01607.log
2025-10-12 11:16:30.430,07,3DD.003DEE8CA4,01_01607.log
2025-10-12 11:16:31.130,07,3DD.003DEE8CA4,01_01607.log
2025-10-12 11:16:32.530,07,3DD.003DEE8CA4,01_01607.log
2025-10-12 11:16:33.230,07,3DD.003DEE8CA4,01_01607.log
2025-10-12 11:16:34.630,07,3DD.003DEE8CA4,01_01607.log
2025-10-12 11:16:35.330,07,3DD.003DEE8CA4,01_01607.log
2025-10-12 11:16:36.030,07,3DD.003DEE8CA4,01_01607.log
2025-10-12 11:16:37.430,07,3DD.003DEE8CA4,01_01607.log
2025-10-12 11:16:38.130,07,3DD.003DEE8CA4,01_01607.log
2025-10-12 11:16:39.530,07,3DD.003DEE8CA4,01_01607.log
2025-10-12 11:16:40.230,07,3DD.003DEE8CA4,01_01607.log
2025-10-12 11:16:41.620,07,3DD.003DEE8CA4,01_01607.log
2025-10-12 11:16:42.330,07,3DD.003DEE8CA4,01_01607.log
2025-10-12 11:16:43.020,07,3DD.003DEE8CA4,01_01607.log
2025-10-12 11:16:44.420,07,3DD.003DEE8CA4,01_01607.log
2025-10-12 11:16:45.120,07,3DD.003DEE8CA4,01_01607.log
2025-10-12 11:16:46.520,07,3DD.003DEE8CA4,01_01607.log
2025-10-12 11:16:47.220,07,3DD.003DEE8CA4,01_01607.log
2025-10-12 11:16:48.620,07,3DD.003DEE8CA4,01_01607.log
2025-10-12 11:16:49.320,07,3DD.003DEE8CA4,01_01607.log
2025-10-12 11:16:50.020,07,3DD.003DEE8CA4,01_01607.log
2025-10-12 11:16:51.420,07,3DD.003DEE8CA4,01_01607.log
2025-10-12 11:16:52.120,07,3DD.003DEE8CA4,01_01607.log
2025-10-12 11:16:53.520,07,3DD.003DEE8CA4,01_01607.log
2025-10-12 11:16:54.220,07,3DD.003DEE8CA4,01_01607.log
2025-10-12 11:16:55.630,07,3DD.003DEE8CA4,01_01607.log
2025-10-12 11:16:56.330,07,3DD.003DEE8CA4,01_01607.log
2025-10-12 11:16:57.020,07,3DD.003DEE8CA4,01_01607.log
2025-10-12 11:16:58.430,07,3DD.003DEE8CA4,01_01607.log
2025-10-12 11:16:59.120,07,3DD.003DEE8CA4,01_01607.log
2025-10-12 11:17:00.520,07,3DD.003DEE8CA4,01_01607.log
2025-10-12 11:17:01.220,07,3DD.003DEE8CA4,01_01607.log
2025-10-12 11:17:02.620,07,3DD.003DEE8CA4,01_01607.log
2025-10-12 11:17:03.320,07,3DD.003DEE8CA4,01_01607.log
2025-10-12 11:17:04.020,07,3DD.003DEE8CA4,01_01607.log
2025-10-12 11:17:05.430,07,3DD.003DEE8CA4,01_01607.log
2025-10-12 11:17:06.130,07,3DD.003DEE8CA4,01_01607.log
2025-10-12 11:17:07.520,07,3DD.003DEE8CA4,01_01607.log
2025-10-12 11:17:08.220,07,3DD.003DEE8CA4,01_01607.log
2025-10-12 11:17:09.630,07,3DD.003DEE8CA4,01_01607.log
2025-10-12 11:17:10.320,07,3DD.003DEE8CA4,01_01607.log
2025-10-12 11:17:11.020,07,3DD.003DEE8CA4,01_01607.log
2025-10-12 11:17:12.430,07,3DD.003DEE8CA4,01_01607.log
2025-10-12 11:17:13.120,07,3DD.003DEE8CA4,01_01607.log
2025-10-12 11:17:14.520,07,3DD.003DEE8CA4,01_01607.log
2025-10-12 11:17:15.220,07,3DD.003DEE8CA4,01_01607.log
2025-10-12 11:17:16.620,07,3DD.003DEE8CA4,01_01607.log
2025-10-12 11:17:17.320,07,3DD.003DEE8CA4,01_01607.log
2025-10-12 11:17:18.020,07,3DD.003DEE8CA4,01_01607.log
2025-10-12 11:17:19.420,07,3DD.003DEE8CA4,01_01607.log
2025-10-12 11:17:20.120,07,3DD.003DEE8CA4,01_01607.log
2025-10-12 11:17:21.530,07,3DD.003DEE8CA4,01_01607.log
2025-10-12 11:17:22.220,07,3DD.003DEE8CA4,01_01607.log
2025-10-12 11:17:23.630,07,3DD.003DEE8CA4,01_01607.log
2025-10-12 11:17:24.320,07,3DD.003DEE8CA4,01_01607.log
2025-10-12 11:17:25.020,07,3DD.003DEE8CA4,01_01607.log
2025-10-12 11:17:26.430,07,3DD.003DEE8CA4,01_01607.log
2025-10-12 11:17:27.120,07,3DD.003DEE8CA4,01_01607.log
2025-10-12 11:17:28.520,07,3DD.003DEE8CA4,01_01607.log
2025-10-12 11:17:29.230,07,3DD.003DEE8CA4,01_01607.log
2025-10-12 11:17:30.660,07,3DD.003DEE8CA4,01_01607.log
2025-10-12 11:17:31.360,07,3DD.003DEE8CA4,01_01607.log
2025-10-12 11:17:32.060,07,3DD.003DEE8CA4,01_01607.log
2025-10-12 11:17:33.460,07,3DD.003DEE8CA4,01_01607.log
2025-10-12 11:17:34.130,07,3DD.003DEE8CA4,01_01607.log
2025-10-12 11:22:09.960,07,3DD.003DEE8CA4,01_01607.log
2025-10-12 11:22:10.630,07,3DD.003DEE8CA4,01_01607.log
2025-10-12 11:22:11.380,07,3DD.003DEE8CA4,01_01607.log
2025-10-12 11:22:12.760,07,3DD.003DEE8CA4,01_01607.log
2025-10-12 11:22:13.450,07,3DD.003DEE8CA4,01_01607.log
2025-10-12 11:23:47.990,07,3DD.003DEE8CA4,01_01607.log
2025-10-12 11:23:48.660,07,3DD.003DEE8CA4,01_01607.log
2025-10-12 11:23:52.160,07,3DD.003DEE8CA4,01_01607.log
2025-10-12 11:23:53.530,07,3DD.003DEE8CA4,01_01607.log
2025-10-12 11:23:54.230,07,3DD.003DEE8CA4,01_01607.log
2025-10-12 11:23:55.630,07,3DD.003DEE8CA4,01_01607.log
2025-10-12 11:23:56.330,07,3DD.003DEE8CA4,01_01607.log
2025-10-12 11:23:57.040,07,3DD.003DEE8CA4,01_01607.log
2025-10-12 11:23:58.460,07,3DD.003DEE8CA4,01_01607.log
2025-10-12 11:23:59.150,07,3DD.003DEE8CA4,01_01607.log
2025-10-12 11:24:00.530,07,3DD.003DEE8CA4,01_01607.log
2025-10-12 11:24:01.230,07,3DD.003DEE8CA4,01_01607.log
2025-10-12 11:24:02.630,07,3DD.003DEE8CA4,01_01607.log
2025-10-12 11:24:03.330,07,3DD.003DEE8CA4,01_01607.log
2025-10-12 11:24:04.030,07,3DD.003DEE8CA4,01_01607.log
2025-10-12 11:24:05.430,07,3DD.003DEE8CA4,01_01607.log
2025-10-12 11:24:06.130,07,3DD.003DEE8CA4,01_01607.log
2025-10-12 11:24:07.530,07,3DD.003DEE8CA4,01_01607.log
2025-10-12 11:24:08.230,07,3DD.003DEE8CA4,01_01607.log
2025-10-12 11:24:09.630,07,3DD.003DEE8CA4,01_01607.log
2025-10-12 11:24:10.330,07,3DD.003DEE8CA4,01_01607.log
2025-10-12 11:24:11.030,07,3DD.003DEE8CA4,01_01607.log
2025-10-12 11:24:12.430,07,3DD.003DEE8CA4,01_01607.log
2025-10-12 11:24:13.130,07,3DD.003DEE8CA4,01_01607.log
2025-10-12 11:24:14.530,07,3DD.003DEE8CA4,01_01607.log
2025-10-12 11:24:15.230,07,3DD.003DEE8CA4,01_01607.log
2025-10-12 11:24:16.630,07,3DD.003DEE8CA4,01_01607.log
2025-10-12 11:24:17.330,07,3DD.003DEE8CA4,01_01607.log
2025-10-12 11:24:18.030,07,3DD.003DEE8CA4,01_01607.log
2025-10-12 11:24:19.430,07,3DD.003DEE8CA4,01_01607.log
2025-10-12 11:24:20.130,07,3DD.003DEE8CA4,01_01607.log
2025-10-12 11:24:21.530,07,3DD.003DEE8CA4,01_01607.log
2025-10-12 11:24:22.230,07,3DD.003DEE8CA4,01_01607.log
2025-10-12 11:24:23.630,07,3DD.003DEE8CA4,01_01607.log
2025-10-12 11:24:24.330,07,3DD.003DEE8CA4,01_01607.log
2025-10-12 11:24:25.030,07,3DD.003DEE8CA4,01_01607.log
2025-10-12 11:24:26.430,07,3DD.003DEE8CA4,01_01607.log
2025-10-12 11:24:27.130,07,3DD.003DEE8CA4,01_01607.log
2025-10-12 11:24:28.530,07,3DD.003DEE8CA4,01_01607.log
2025-10-12 11:24:29.230,07,3DD.003DEE8CA4,01_01607.log
2025-10-12 11:24:30.630,07,3DD.003DEE8CA4,01_01607.log
2025-10-12 11:24:31.330,07,3DD.003DEE8CA4,01_01607.log
2025-10-12 11:24:32.030,07,3DD.003DEE8CA4,01_01607.log
2025-10-12 11:24:33.450,07,3DD.003DEE8CA4,01_01607.log
2025-10-12 11:24:34.130,07,3DD.003DEE8CA4,01_01607.log
2025-10-12 11:24:35.560,07,3DD.003DEE8CA4,01_01607.log
2025-10-12 11:24:36.260,07,3DD.003DEE8CA4,01_01607.log
2025-10-12 11:24:37.660,07,3DD.003DEE8CA4,01_01607.log
2025-10-12 11:24:38.360,07,3DD.003DEE8CA4,01_01607.log
2025-10-12 11:24:39.060,07,3DD.003DEE8CA4,01_01607.log
2025-10-12 11:24:40.460,07,3DD.003DEE8CA4,01_01607.log
2025-10-12 11:24:41.160,07,3DD.003DEE8CA4,01_01607.log
2025-10-12 11:24:42.550,07,3DD.003DEE8CA4,01_01607.log
2025-10-12 11:24:43.230,07,3DD.003DEE8CA4,01_01607.log
2025-10-12 11:24:44.010,07,3DD.003DEE8CA4,01_01607.log
2025-10-12 11:24:45.330,07,3DD.003DEE8CA4,01_01607.log
2025-10-12 11:24:46.090,07,3DD.003DEE8CA4,01_01607.log
2025-10-12 11:24:57.960,07,3DD.003DEE8CA4,01_01607.log
2025-10-12 11:24:58.660,07,3DD.003DEE8CA4,01_01607.log
2025-10-12 11:24:59.360,07,3DD.003DEE8CA4,01_01607.log
2025-10-12 11:25:00.060,07,3DD.003DEE8CA4,01_01607.log
2025-10-12 11:25:01.450,07,3DD.003DEE8CA4,01_01607.log
2025-10-12 11:25:02.130,07,3DD.003DEE8CA4,01_01607.log
2025-10-12 11:25:03.530,07,3DD.003DEE8CA4,01_01607.log
2025-10-12 11:25:04.230,07,3DD.003DEE8CA4,01_01607.log
2025-10-12 11:25:05.630,07,3DD.003DEE8CA4,01_01607.log
2025-10-12 11:25:06.330,07,3DD.003DEE8CA4,01_01607.log
2025-10-12 11:25:07.030,07,3DD.003DEE8CA4,01_01607.log
2025-10-12 11:25:08.430,07,3DD.003DEE8CA4,01_01607.log
2025-10-12 11:25:09.130,07,3DD.003DEE8CA4,01_01607.log
2025-10-12 11:25:10.530,07,3DD.003DEE8CA4,01_01607.log
2025-10-12 11:25:11.230,07,3DD.003DEE8CA4,01_01607.log
2025-10-12 11:25:12.630,07,3DD.003DEE8CA4,01_01607.log
2025-10-12 11:25:13.360,07,3DD.003DEE8CA4,01_01607.log
2025-10-12 11:25:14.060,07,3DD.003DEE8CA4,01_01607.log
2025-10-12 11:25:15.430,07,3DD.003DEE8CA4,01_01607.log
2025-10-12 11:25:16.130,07,3DD.003DEE8CA4,01_01607.log
2025-10-12 11:25:17.530,07,3DD.003DEE8CA4,01_01607.log
2025-10-12 11:25:18.230,07,3DD.003DEE8CA4,01_01607.log
2025-10-12 11:26:05.160,07,3DD.003DEE8CA4,01_01607.log
2025-10-12 11:26:06.550,07,3DD.003DEE8CA4,01_01607.log
2025-10-12 11:26:07.230,07,3DD.003DEE8CA4,01_01607.log
2025-10-12 11:26:08.660,07,3DD.003DEE8CA4,01_01607.log
2025-10-12 11:26:09.360,07,3DD.003DEE8CA4,01_01607.log
2025-10-12 11:26:10.060,07,3DD.003DEE8CA4,01_01607.log
2025-10-12 11:26:11.460,07,3DD.003DEE8CA4,01_01607.log
2025-10-12 11:26:12.160,07,3DD.003DEE8CA4,01_01607.log
2025-10-12 11:26:25.490,07,3DD.003DEE8B22,01_01607.log
2025-10-12 11:26:26.170,07,3DD.003DEE8B22,01_01607.log
2025-10-12 11:26:27.550,07,3DD.003DEE8B22,01_01607.log
2025-10-12 11:26:28.230,07,3DD.003DEE8B22,01_01607.log
2025-10-12 11:26:33.890,07,3DD.003DEE8CA4,01_01607.log
2025-10-12 11:26:34.560,07,3DD.003DEE8CA4,01_01607.log
2025-10-12 11:29:36.560,07,3DD.003DEE8CA4,01_01607.log
2025-10-12 11:29:37.260,07,3DD.003DEE8CA4,01_01607.log
2025-10-12 11:29:38.660,07,3DD.003DEE8CA4,01_01607.log
2025-10-12 11:29:39.360,07,3DD.003DEE8CA4,01_01607.log
2025-10-12 11:29:40.060,07,3DD.003DEE8CA4,01_01607.log
2025-10-12 11:29:41.430,07,3DD.003DEE8CA4,01_01607.log
2025-10-12 11:29:42.140,07,3DD.003DEE8CA4,01_01607.log
2025-10-12 11:29:43.530,07,3DD.003DEE8CA4,01_01607.log
2025-10-12 11:29:44.230,07,3DD.003DEE8CA4,01_01607.log
2025-10-12 11:29:45.630,07,3DD.003DEE8CA4,01_01607.log
2025-10-12 11:29:46.330,07,3DD.003DEE8CA4,01_01607.log
2025-10-12 11:29:47.020,07,3DD.003DEE8CA4,01_01607.log
2025-10-12 11:29:48.420,07,3DD.003DEE8CA4,01_01607.log
2025-10-12 11:29:49.120,07,3DD.003DEE8CA4,01_01607.log
2025-10-12 11:29:50.520,07,3DD.003DEE8CA4,01_01607.log
2025-10-12 11:29:51.220,07,3DD.003DEE8CA4,01_01607.log
2025-10-12 11:29:52.620,07,3DD.003DEE8CA4,01_01607.log
2025-10-12 11:29:53.320,07,3DD.003DEE8CA4,01_01607.log
2025-10-12 11:29:54.020,07,3DD.003DEE8CA4,01_01607.log
2025-10-12 11:29:55.420,07,3DD.003DEE8CA4,01_01607.log
2025-10-12 11:29:56.120,07,3DD.003DEE8CA4,01_01607.log
2025-10-12 11:29:57.520,07,3DD.003DEE8CA4,01_01607.log
2025-10-12 11:29:58.220,07,3DD.003DEE8CA4,01_01607.log
2025-10-12 11:29:59.620,07,3DD.003DEE8CA4,01_01607.log
2025-10-12 11:30:00.320,07,3DD.003DEE8CA4,01_01607.log
2025-10-12 11:30:01.020,07,3DD.003DEE8CA4,01_01607.log
2025-10-12 11:30:02.420,07,3DD.003DEE8CA4,01_01607.log
2025-10-12 11:30:03.130,07,3DD.003DEE8CA4,01_01607.log
2025-10-12 11:30:04.560,07,3DD.003DEE8CA4,01_01607.log
2025-10-12 11:30:05.260,07,3DD.003DEE8CA4,01_01607.log
2025-10-12 11:30:06.630,07,3DD.003DEE8CA4,01_01607.log
2025-10-12 11:30:07.360,07,3DD.003DEE8CA4,01_01607.log
2025-10-12 11:30:08.080,07,3DD.003DEE8B22,01_01607.log
2025-10-12 11:30:09.450,07,3DD.003DEE8B22,01_01607.log
2025-10-12 11:30:11.590,07,3DD.003DEE8CA4,01_01607.log
2025-10-12 11:30:12.260,07,3DD.003DEE8CA4,01_01607.log
2025-10-12 11:30:13.630,07,3DD.003DEE8CA4,01_01607.log
2025-10-12 11:30:14.330,07,3DD.003DEE8CA4,01_01607.log
2025-10-12 11:30:15.030,07,3DD.003DEE8CA4,01_01607.log
2025-10-12 11:30:16.430,07,3DD.003DEE8CA4,01_01607.log
2025-10-12 11:30:17.160,07,3DD.003DEE8CA4,01_01607.log
2025-10-12 11:30:21.380,07,3DD.003DEE8CA4,01_01607.log
2025-10-12 11:30:22.060,07,3DD.003DEE8CA4,01_01607.log
2025-10-12 11:30:27.660,07,3DD.003DEE8CA4,01_01607.log
2025-10-12 11:30:28.360,07,3DD.003DEE8CA4,01_01607.log
2025-10-12 11:31:27.160,07,3DD.003DEE8CA4,01_01607.log
2025-10-12 11:31:28.530,07,3DD.003DEE8CA4,01_01607.log
2025-10-12 11:31:29.230,07,3DD.003DEE8CA4,01_01607.log
2025-10-12 11:31:30.000,07,3DD.003DEE8CA4,01_01607.log
2025-10-12 11:31:39.080,07,3DD.003DEE8B22,01_01607.log
2025-10-12 11:31:40.430,07,3DD.003DEE8B22,01_01607.log
2025-10-12 11:31:41.130,07,3DD.003DEE8B22,01_01607.log
2025-10-12 11:31:41.180,07,3DD.003DEE8CA4,01_01607.log
2025-10-12 11:31:42.560,07,3DD.003DEE8CA4,01_01607.log
2025-10-12 11:31:43.260,07,3DD.003DEE8B22,01_01607.log
2025-10-12 11:35:02.780,07,3DD.003DEE8B22,01_01607.log
2025-10-12 11:35:03.460,07,3DD.003DEE8B22,01_01607.log
2025-10-12 11:35:04.160,07,3DD.003DEE8B22,01_01607.log
2025-10-12 11:35:05.560,07,3DD.003DEE8B22,01_01607.log
2025-10-12 11:35:06.260,07,3DD.003DEE8B22,01_01607.log
2025-10-12 11:39:50.410,06,3DD.003DEE8CA4,01_01607.log
2025-10-12 11:39:51.060,06,3DD.003DEE8CA4,01_01607.log
2025-10-12 11:40:21.990,07,3DD.003DEE8B22,01_01607.log
2025-10-12 11:40:22.710,07,3DD.003DEE8B22,01_01607.log
2025-10-12 11:40:26.160,07,3DD.003DEE8B22,01_01607.log
2025-10-12 11:40:27.530,07,3DD.003DEE8B22,01_01607.log
2025-10-12 11:40:28.250,07,3DD.003DEE8B22,01_01607.log
2025-10-12 11:40:29.630,07,3DD.003DEE8B22,01_01607.log
2025-10-12 11:40:30.360,07,3DD.003DEE8B22,01_01607.log
2025-10-12 11:40:31.090,07,3DD.003DEE8B22,01_01607.log
2025-10-12 11:41:08.160,07,3DD.003DEE8B22,01_01607.log
2025-10-12 11:41:09.530,07,3DD.003DEE8B22,01_01607.log
2025-10-12 11:41:10.290,07,3DD.003DEE8B22,01_01607.log
2025-10-12 11:41:11.660,07,3DD.003DEE8B22,01_01607.log
2025-10-12 11:41:12.360,07,3DD.003DEE8B22,01_01607.log
2025-10-12 11:41:13.060,07,3DD.003DEE8B22,01_01607.log
2025-10-12 11:43:14.890,07,3DD.003DEE8B22,01_01607.log
2025-10-12 11:43:15.560,07,3DD.003DEE8B22,01_01607.log
2025-10-12 11:43:16.230,07,3DD.003DEE8B22,01_01607.log
2025-10-12 11:43:19.060,07,3DD.003DEE8B22,01_01607.log
2025-10-12 11:43:20.460,07,3DD.003DEE8B22,01_01607.log
2025-10-12 11:43:21.160,07,3DD.003DEE8B22,01_01607.log
2025-10-12 11:43:22.560,07,3DD.003DEE8B22,01_01607.log
2025-10-12 11:53:52.220,03,3DD.003DEE8AF8,01_01607.log
2025-10-12 11:58:54.210,06,3DD.003DEE8AF8,01_01607.log
2025-10-12 12:02:11.160,02,3E7.0000001D02,01_01607.log
2025-10-12 12:02:11.260,03,3E7.0000001D03,01_01607.log
2025-10-12 12:02:11.370,04,3E7.0000001D04,01_01607.log
2025-10-12 12:02:11.460,05,3E7.0000001D05,01_01607.log
2025-10-12 12:02:11.560,06,3E7.0000001D06,01_01607.log
2025-10-12 12:02:11.660,07,3E7.0000001D07,01_01607.log
2025-10-12 12:02:11.760,01,3E7.0000001D01,01_01607.log
2025-10-12 12:06:01.290,07,3DD.003D7316BF,01_01607.log
2025-10-12 12:06:02.020,07,3DD.003D7316BF,01_01607.log
2025-10-12 12:06:08.260,07,3DD.003D7316BF,01_01607.log
2025-10-12 12:06:09.660,07,3DD.003D7316BF,01_01607.log
2025-10-12 12:07:40.000,07,3DD.003D7316BF,01_01607.log
2025-10-12 12:07:42.760,07,3DD.003D7316BF,01_01607.log
2025-10-12 12:07:43.450,07,3DD.003D7316BF,01_01607.log
2025-10-12 12:07:44.130,07,3DD.003D7316BF,01_01607.log
2025-10-12 12:07:49.060,07,3DD.003D7316BF,01_01607.log
2025-10-12 12:07:50.460,07,3DD.003D7316BF,01_01607.log
2025-10-12 12:14:46.980,07,3DD.003DEE8B22,01_01607.log
2025-10-12 12:14:47.020,07,3DD.003DEE8B22,01_01607.log
2025-10-12 12:14:48.330,07,3DD.003DEE8B22,01_01607.log
2025-10-12 12:14:49.060,07,3DD.003DEE8B22,01_01607.log
2025-10-12 12:14:56.060,07,3DD.003DEE8B22,01_01607.log
2025-10-12 12:15:15.660,07,3DD.003DEE8B22,01_01607.log
2025-10-12 12:15:16.360,07,3DD.003DEE8B22,01_01607.log
2025-10-12 12:15:17.060,07,3DD.003DEE8B22,01_01607.log
2025-10-12 12:21:48.390,07,3DD.003DEE8B22,01_01607.log
2025-10-12 12:21:49.060,07,3DD.003DEE8B22,01_01607.log
2025-10-12 12:21:50.460,07,3DD.003DEE8B22,01_01607.log
2025-10-12 12:21:51.160,07,3DD.003DEE8B22,01_01607.log
2025-10-12 12:21:52.560,07,3DD.003DEE8B22,01_01607.log
2025-10-12 12:21:53.260,07,3DD.003DEE8B22,01_01607.log
2025-10-12 12:21:54.660,07,3DD.003DEE8B22,01_01607.log
2025-10-12 12:21:55.360,07,3DD.003DEE8B22,01_01607.log
2025-10-12 12:21:56.060,07,3DD.003DEE8B22,01_01607.log
2025-10-12 12:22:33.160,07,3DD.003DEE8B22,01_01607.log
2025-10-12 12:22:35.260,07,3DD.003DEE8B22,01_01607.log
2025-10-12 12:22:36.660,07,3DD.003DEE8B22,01_01607.log
2025-10-12 12:22:37.360,07,3DD.003DEE8B22,01_01607.log
2025-10-12 12:22:38.030,07,3DD.003DEE8B22,01_01607.log
2025-10-12 12:33:37.490,07,3DD.003DEE8AF8,01_01607.log
2025-10-12 12:33:38.160,07,3DD.003DEE8AF8,01_01607.log
2025-10-12 12:33:39.560,07,3DD.003DEE8AF8,01_01607.log
2025-10-12 12:33:40.260,07,3DD.003DEE8AF8,01_01607.log
2025-10-12 12:33:54.960,07,3DD.003DEE8AF8,01_01607.log
2025-10-12 12:33:55.630,07,3DD.003DEE8AF8,01_01607.log
2025-10-12 12:33:56.370,07,3DD.003DEE8AF8,01_01607.log
2025-10-12 12:33:57.060,07,3DD.003DEE8AF8,01_01607.log
2025-10-12 12:34:02.660,07,3DD.003DEE8AF8,01_01607.log
2025-10-12 12:34:03.360,07,3DD.003DEE8AF8,01_01607.log
2025-10-12 12:34:27.170,07,3DD.003DEE8AF8,01_01607.log
2025-10-12 12:34:37.660,07,3DD.003DEE8AF8,01_01607.log
2025-10-12 12:34:38.360,07,3DD.003DEE8AF8,01_01607.log
2025-10-12 12:34:39.060,07,3DD.003DEE8AF8,01_01607.log
2025-10-12 12:34:40.460,07,3DD.003DEE8AF8,01_01607.log
2025-10-12 12:47:31.180,07,3DD.003DEE8B22,01_01607.log
2025-10-12 12:47:32.560,07,3DD.003DEE8B22,01_01607.log
2025-10-12 12:47:33.260,07,3DD.003DEE8B22,01_01607.log
2025-10-12 12:47:34.660,07,3DD.003DEE8B22,01_01607.log
2025-10-12 12:47:35.360,07,3DD.003DEE8B22,01_01607.log
2025-10-12 12:47:36.030,07,3DD.003DEE8B22,01_01607.log
2025-10-12 12:47:38.860,07,3DD.003DEE8B22,01_01607.log
2025-10-12 12:47:39.530,07,3DD.003DEE8B22,01_01607.log
2025-10-12 12:48:47.480,07,3DD.003D7316BF,01_01607.log
2025-10-12 12:48:48.180,07,3DD.003D7316BF,01_01607.log
2025-10-12 12:48:49.560,07,3DD.003D7316BF,01_01607.log
2025-10-12 12:48:53.100,07,3DD.003DEE8B22,01_01607.log
2025-10-12 12:48:54.500,07,3DD.003DEE8B22,01_01607.log
2025-10-12 12:52:45.490,07,3DD.003D7316BF,01_01607.log
2025-10-12 12:53:21.160,07,3DD.003D7316BF,01_01607.log
2025-10-12 12:53:26.760,07,3DD.003D7316BF,01_01607.log
2025-10-12 12:53:49.160,07,3DD.003DEE8B22,01_01607.log
2025-10-12 12:53:50.530,07,3DD.003DEE8B22,01_01607.log
2025-10-12 12:53:51.240,07,3DD.003DEE8B22,01_01607.log
2025-10-12 12:53:54.770,07,3DD.003DEE8B22,01_01607.log
2025-10-12 12:53:55.470,07,3DD.003DEE8B22,01_01607.log
2025-10-12 12:54:20.660,07,3DD.003DEE8B22,01_01607.log
2025-10-12 12:54:21.360,07,3DD.003DEE8B22,01_01607.log
2025-10-12 12:54:24.180,07,3DD.003D7316BF,01_01607.log
2025-10-12 12:54:25.530,07,3DD.003D7316BF,01_01607.log
2025-10-12 12:54:27.660,07,3DD.003D7316BF,01_01607.log
2025-10-12 12:54:28.330,07,3DD.003D7316BF,01_01607.log
2025-10-12 12:54:41.690,07,3DD.003DEE8B22,01_01607.log
2025-10-12 12:54:42.360,07,3DD.003DEE8B22,01_01607.log
2025-10-12 12:54:43.060,07,3DD.003DEE8B22,01_01607.log
2025-10-12 12:54:52.160,07,3DD.003DEE8B22,01_01607.log
2025-10-12 12:54:53.570,07,3DD.003DEE8B22,01_01607.log
2025-10-12 12:54:54.260,07,3DD.003DEE8B22,01_01607.log
2025-10-12 12:55:20.860,07,3DD.003DEE8B22,01_01607.log
2025-10-12 12:55:21.550,07,3DD.003DEE8B22,01_01607.log
2025-10-12 12:55:27.880,07,3DD.003DEE8B22,01_01607.log
2025-10-12 12:55:28.560,07,3DD.003DEE8B22,01_01607.log
2025-10-12 12:55:29.260,07,3DD.003DEE8B22,01_01607.log
2025-10-12 12:55:50.960,07,3DD.003DEE8B22,01_01607.log
2025-10-12 12:55:51.660,07,3DD.003DEE8B22,01_01607.log
2025-10-12 12:55:59.360,07,3DD.003DEE8B22,01_01607.log
2025-10-12 12:56:00.040,07,3DD.003DEE8B22,01_01607.log
2025-10-12 12:56:07.060,07,3DD.003DEE8B22,01_01607.log
2025-10-12 12:56:08.460,07,3DD.003DEE8B22,01_01607.log
2025-10-12 12:56:09.150,07,3DD.003DEE8B22,01_01607.log
2025-10-12 12:56:18.960,07,3DD.003DEE8B22,01_01607.log
2025-10-12 12:56:28.070,07,3DD.003DEE8B22,01_01607.log
2025-10-12 12:56:29.460,07,3DD.003DEE8B22,01_01607.log
2025-10-12 12:56:42.060,07,3DD.003DEE8B22,01_01607.log
2025-10-12 12:56:43.460,07,3DD.003DEE8B22,01_01607.log
2025-10-12 12:56:44.160,07,3DD.003DEE8B22,01_01607.log
2025-10-12 12:57:00.980,07,3DD.003D7316BF,01_01607.log
2025-10-12 12:57:01.010,07,3DD.003D7316BF,01_01607.log
2025-10-12 12:57:02.330,07,3DD.003D7316BF,01_01607.log
2025-10-12 12:57:03.060,07,3DD.003D7316BF,01_01607.log
2025-10-12 12:57:09.380,07,3DD.003DEE8B22,01_01607.log
2025-10-12 12:57:10.060,07,3DD.003DEE8B22,01_01607.log
2025-10-12 12:57:11.460,07,3DD.003DEE8B22,01_01607.log
2025-10-12 12:57:12.160,07,3DD.003DEE8B22,01_01607.log
2025-10-12 12:57:17.060,07,3DD.003DEE8B22,01_01607.log
2025-10-12 12:57:33.880,07,3DD.003DEE8B22,01_01607.log
2025-10-12 12:57:34.560,07,3DD.003DEE8B22,01_01607.log
2025-10-12 12:58:05.360,07,3DD.003DEE8B22,01_01607.log
2025-10-12 12:58:06.030,07,3DD.003DEE8B22,01_01607.log
2025-10-12 12:58:10.960,07,3DD.003DEE8B22,01_01607.log
2025-10-12 12:58:16.600,07,3DD.003DEE8B22,01_01607.log
2025-10-12 12:58:17.260,07,3DD.003DEE8B22,01_01607.log
2025-10-12 12:58:18.640,07,3DD.003DEE8B22,01_01607.log
2025-10-12 12:58:19.360,07,3DD.003DEE8B22,01_01607.log
2025-10-12 12:58:36.200,07,3DD.003DEE8B22,01_01607.log
2025-10-12 12:58:37.560,07,3DD.003DEE8B22,01_01607.log
2025-10-12 12:58:38.260,07,3DD.003DEE8B22,01_01607.log
2025-10-12 12:58:48.060,07,3DD.003DEE8B22,01_01607.log
2025-10-12 12:59:15.360,07,3DD.003DEE8B22,01_01607.log
2025-10-12 12:59:16.060,07,3DD.003DEE8B22,01_01607.log
2025-10-12 12:59:17.460,07,3DD.003DEE8B22,01_01607.log
2025-10-12 12:59:18.190,07,3DD.003DEE8B22,01_01607.log
2025-10-12 12:59:41.960,07,3DD.003DEE8B22,01_01607.log
2025-10-12 13:00:01.560,07,3DD.003DEE8B22,01_01607.log
2025-10-12 13:00:02.260,07,3DD.003DEE8B22,01_01607.log
2025-10-12 13:00:23.290,07,3DD.003D7316BF,01_01607.log
2025-10-12 13:00:24.660,07,3DD.003D7316BF,01_01607.log
2025-10-12 13:00:25.330,07,3DD.003D7316BF,01_01607.log
2025-10-12 13:00:26.060,07,3DD.003D7316BF,01_01607.log
2025-10-12 13:01:01.890,01,3DD.003DEE8B46,01_01607.log
2025-10-12 13:01:38.880,07,3DD.003D7316BF,01_01607.log
2025-10-12 13:01:39.560,07,3DD.003D7316BF,01_01607.log
2025-10-12 13:01:40.260,07,3DD.003D7316BF,01_01607.log
2025-10-12 13:02:11.160,01,3E7.0000001D01,01_01607.log
2025-10-12 13:02:11.260,02,3E7.0000001D02,01_01607.log
2025-10-12 13:02:11.370,03,3E7.0000001D03,01_01607.log
2025-10-12 13:02:11.460,04,3E7.0000001D04,01_01607.log
2025-10-12 13:02:11.560,05,3E7.0000001D05,01_01607.log
2025-10-12 13:02:11.660,06,3E7.0000001D06,01_01607.log
2025-10-12 13:02:11.760,07,3E7.0000001D07,01_01607.log
2025-10-12 13:05:45.290,07,3DD.003D7316BF,01_01607.log
2025-10-12 13:05:46.660,07,3DD.003D7316BF,01_01607.log
2025-10-12 13:08:07.380,07,3DD.003D7316BF,01_01607.log
2025-10-12 13:08:08.050,07,3DD.003D7316BF,01_01607.log
2025-10-12 13:08:09.430,07,3DD.003D7316BF,01_01607.log
2025-10-12 13:10:02.180,07,3DD.003D7316BF,01_01607.log
2025-10-12 13:10:03.530,07,3DD.003D7316BF,01_01607.log
2025-10-12 13:10:05.660,07,3DD.003D7316BF,01_01607.log
2025-10-12 13:16:26.080,03,3DD.003DEE8B46,01_01607.log
2025-10-12 13:16:27.430,03,3DD.003DEE8B46,01_01607.log
2025-10-12 13:27:14.590,06,3DD.003DEE8B46,01_01607.log
2025-10-12 13:27:15.250,06,3DD.003DEE8B46,01_01607.log
2025-10-12 13:27:16.630,06,3DD.003DEE8B46,01_01607.log
2025-10-12 13:29:54.980,07,3DD.003D7316BF,01_01607.log
2025-10-12 13:29:55.020,07,3DD.003D7316BF,01_01607.log
2025-10-12 13:29:56.350,07,3DD.003D7316BF,01_01607.log
2025-10-12 13:29:57.030,07,3DD.003D7316BF,01_01607.log
2025-10-12 13:29:59.860,07,3DD.003D7316BF,01_01607.log
2025-10-12 13:30:00.590,07,3DD.003D7316BF,01_01607.log
2025-10-12 13:30:26.460,07,3DD.003D7316BF,01_01607.log
2025-10-12 13:30:27.190,07,3DD.003D7316BF,01_01607.log
2025-10-12 13:30:28.560,07,3DD.003D7316BF,01_01607.log
2025-10-12 13:30:33.460,07,3DD.003D7316BF,01_01607.log
2025-10-12 13:30:34.160,07,3DD.003D7316BF,01_01607.log
2025-10-12 13:30:41.860,07,3DD.003D7316BF,01_01607.log
2025-10-12 13:30:42.560,07,3DD.003D7316BF,01_01607.log
2025-10-12 13:30:43.260,07,3DD.003D7316BF,01_01607.log
2025-10-12 13:53:54.180,07,3DD.003DEE8B46,01_01607.log
2025-10-12 13:53:55.560,07,3DD.003DEE8B46,01_01607.log
2025-10-12 13:53:56.260,07,3DD.003DEE8B46,01_01607.log
2025-10-12 13:54:01.190,07,3DD.003DEE8B46,01_01607.log
2025-10-12 13:54:02.590,07,3DD.003DEE8B46,01_01607.log
2025-10-12 13:54:14.460,07,3DD.003DEE8B46,01_01607.log
2025-10-12 13:54:15.160,07,3DD.003DEE8B46,01_01607.log
2025-10-12 13:54:16.560,07,3DD.003DEE8B46,01_01607.log
2025-10-12 13:54:22.860,07,3DD.003DEE8B46,01_01607.log
2025-10-12 13:54:23.560,07,3DD.003DEE8B46,01_01607.log
2025-10-12 13:54:38.260,07,3DD.003DEE8B46,01_01607.log
2025-10-12 13:54:39.010,07,3DD.003DEE8B46,01_01607.log
2025-10-12 13:54:40.360,07,3DD.003DEE8B46,01_01607.log
2025-10-12 13:54:41.060,07,3DD.003DEE8B46,01_01607.log
2025-10-12 13:54:48.760,07,3DD.003DEE8B46,01_01607.log
2025-10-12 13:54:49.430,07,3DD.003DEE8B46,01_01607.log
2025-10-12 13:55:25.160,07,3DD.003DEE8B46,01_01607.log
2025-10-12 13:55:30.760,07,3DD.003DEE8B46,01_01607.log
2025-10-12 13:55:31.450,07,3DD.003DEE8B46,01_01607.log
2025-10-12 13:55:32.130,07,3DD.003DEE8B46,01_01607.log
2025-10-12 13:55:46.860,07,3DD.003DEE8B46,01_01607.log
2025-10-12 13:55:47.530,07,3DD.003DEE8B46,01_01607.log
2025-10-12 13:55:48.220,07,3DD.003DEE8B46,01_01607.log
2025-10-12 13:55:53.160,07,3DD.003DEE8B46,01_01607.log
2025-10-12 13:55:54.530,07,3DD.003DEE8B46,01_01607.log
2025-10-12 13:56:08.220,03,3DD.003DEE8B35,01_01607.log
2025-10-12 13:56:19.100,07,3DD.003DEE8B46,01_01607.log
2025-10-12 13:56:20.460,07,3DD.003DEE8B46,01_01607.log
2025-10-12 13:56:21.160,07,3DD.003DEE8B46,01_01607.log
2025-10-12 13:56:24.660,07,3DD.003DEE8B46,01_01607.log
2025-10-12 13:56:25.340,07,3DD.003DEE8B46,01_01607.log
2025-10-12 13:56:58.260,07,3DD.003DEE8B46,01_01607.log
2025-10-12 13:56:59.660,07,3DD.003DEE8B46,01_01607.log
2025-10-12 13:57:00.360,07,3DD.003DEE8B46,01_01607.log
2025-10-12 13:57:01.030,07,3DD.003DEE8B46,01_01607.log
2025-10-12 13:57:34.660,07,3DD.003DEE8B46,01_01607.log
2025-10-12 13:57:35.360,07,3DD.003DEE8B46,01_01607.log
2025-10-12 13:57:36.060,07,3DD.003DEE8B46,01_01607.log
2025-10-12 13:57:37.460,07,3DD.003DEE8B46,01_01607.log
2025-10-12 13:57:38.150,07,3DD.003DEE8B46,01_01607.log
2025-10-12 13:57:57.760,07,3DD.003DEE8B46,01_01607.log
2025-10-12 13:57:58.460,07,3DD.003DEE8B46,01_01607.log
2025-10-12 13:58:11.760,07,3DD.003DEE8B46,01_01607.log
2025-10-12 13:58:18.760,07,3DD.003DEE8B46,01_01607.log
2025-10-12 13:58:19.460,07,3DD.003DEE8B46,01_01607.log
2025-10-12 13:58:27.860,07,3DD.003DEE8B46,01_01607.log
2025-10-12 13:58:28.530,07,3DD.003DEE8B46,01_01607.log
2025-10-12 14:00:07.280,07,3DD.003DEE8B46,01_01607.log
2025-10-12 14:00:08.660,07,3DD.003DEE8B46,01_01607.log
2025-10-12 14:00:09.390,07,3DD.003DEE8B46,01_01607.log
2025-10-12 14:00:14.960,07,3DD.003DEE8B46,01_01607.log
2025-10-12 14:00:15.690,07,3DD.003DEE8B46,01_01607.log
2025-10-12 14:00:28.260,07,3DD.003DEE8B46,01_01607.log
2025-10-12 14:00:29.660,07,3DD.003DEE8B46,01_01607.log
2025-10-12 14:00:30.360,07,3DD.003DEE8B46,01_01607.log
2025-10-12 14:00:31.040,07,3DD.003DEE8B46,01_01607.log
2025-10-12 14:00:42.300,07,3DD.003DEE8B46,01_01607.log
2025-10-12 14:00:43.010,07,3DD.003DEE8B46,01_01607.log
2025-10-12 14:00:44.360,07,3DD.003DEE8B46,01_01607.log
2025-10-12 14:00:45.060,07,3DD.003DEE8B46,01_01607.log
2025-10-12 14:00:54.160,07,3DD.003DEE8B46,01_01607.log
2025-10-12 14:02:11.160,07,3E7.0000001D07,01_01607.log
2025-10-12 14:02:11.360,02,3E7.0000001D02,01_01607.log
2025-10-12 14:02:11.460,03,3E7.0000001D03,01_01607.log
2025-10-12 14:02:11.560,04,3E7.0000001D04,01_01607.log
2025-10-12 14:02:11.670,05,3E7.0000001D05,01_01607.log
2025-10-12 14:02:11.760,06,3E7.0000001D06,01_01607.log
2025-10-12 14:03:33.660,06,3DD.003DEE8B35,01_01607.log
2025-10-12 14:03:34.370,06,3DD.003DEE8B35,01_01607.log
2025-10-12 14:03:35.030,06,3DD.003DEE8B35,01_01607.log
2025-10-12 14:03:36.460,06,3DD.003DEE8B35,01_01607.log
2025-10-12 14:05:41.190,07,3DD.003DEE8B46,01_01607.log
2025-10-12 14:05:46.080,07,3DD.003D7316BF,01_01607.log
2025-10-12 14:07:26.190,07,3DD.003DEE8B46,01_01607.log
2025-10-12 14:07:27.560,07,3DD.003DEE8B46,01_01607.log
2025-10-12 14:07:28.260,07,3DD.003DEE8B46,01_01607.log
2025-10-12 14:07:35.910,06,3DD.003D7316BF,01_01607.log
2025-10-12 14:07:36.530,06,3DD.003D7316BF,01_01607.log
2025-10-12 14:07:37.960,06,3DD.003D7316BF,01_01607.log
2025-10-12 14:07:38.010,06,3DD.003D7316BF,01_01607.log
2025-10-12 14:07:39.360,06,3DD.003D7316BF,01_01607.log
2025-10-12 14:07:40.160,07,3DD.003DEE8B46,01_01607.log
2025-10-12 14:08:36.160,07,3DD.003DEE8B46,01_01607.log
2025-10-12 14:08:37.560,07,3DD.003DEE8B46,01_01607.log
2025-10-12 14:08:38.260,07,3DD.003DEE8B46,01_01607.log
2025-10-12 14:08:45.960,07,3DD.003DEE8B46,01_01607.log
2025-10-12 14:08:46.660,07,3DD.003DEE8B46,01_01607.log
2025-10-12 14:08:47.350,07,3DD.003DEE8B46,01_01607.log
2025-10-12 14:08:55.760,07,3DD.003DEE8B46,01_01607.log
2025-10-12 14:08:56.460,07,3DD.003DEE8B46,01_01607.log
2025-10-12 14:08:57.160,07,3DD.003DEE8B46,01_01607.log
2025-10-12 14:09:05.560,07,3DD.003DEE8B46,01_01607.log
2025-10-12 14:09:06.260,07,3DD.003DEE8B46,01_01607.log
2025-10-12 14:09:14.660,07,3DD.003DEE8B46,01_01607.log
2025-10-12 14:09:15.360,07,3DD.003DEE8B46,01_01607.log
2025-10-12 14:09:16.060,07,3DD.003DEE8B46,01_01607.log
2025-10-12 14:09:32.860,07,3DD.003DEE8B46,01_01607.log
2025-10-12 14:09:33.560,07,3DD.003DEE8B46,01_01607.log
2025-10-12 14:09:44.060,07,3DD.003DEE8B46,01_01607.log
2025-10-12 14:09:45.460,07,3DD.003DEE8B46,01_01607.log
2025-10-12 14:09:46.160,07,3DD.003DEE8B46,01_01607.log
2025-10-12 14:09:49.380,04,3DD.003D7316BF,01_01607.log
2025-10-12 14:09:50.060,04,3DD.003D7316BF,01_01607.log
2025-10-12 14:09:55.260,07,3DD.003DEE8B46,01_01607.log
2025-10-12 14:32:59.860,07,3DD.003DEE8B46,01_01607.log
2025-10-12 14:40:32.090,07,3DD.003DEE8B46,01_01607.log
2025-10-12 14:40:33.460,07,3DD.003DEE8B46,01_01607.log
2025-10-12 14:41:26.660,07,3DD.003DEE8B46,01_01607.log
2025-10-12 14:41:27.360,07,3DD.003DEE8B46,01_01607.log
2025-10-12 14:41:28.060,07,3DD.003DEE8B46,01_01607.log
2025-10-12 14:41:34.360,07,3DD.003DEE8B46,01_01607.log
2025-10-12 14:42:28.260,07,3DD.003DEE8B46,01_01607.log
2025-10-12 14:42:29.010,07,3DD.003DEE8B46,01_01607.log
2025-10-12 14:42:30.360,07,3DD.003DEE8B46,01_01607.log
2025-10-12 14:42:36.660,07,3DD.003DEE8B46,01_01607.log
2025-10-12 14:43:06.760,07,3DD.003DEE8B46,01_01607.log
2025-10-12 14:43:07.460,07,3DD.003DEE8B46,01_01607.log
2025-10-12 14:43:08.160,07,3DD.003DEE8B46,01_01607.log
2025-10-12 14:43:17.260,07,3DD.003DEE8B46,01_01607.log
2025-10-12 14:43:36.860,07,3DD.003DEE8B46,01_01607.log
2025-10-12 14:43:37.550,07,3DD.003DEE8B46,01_01607.log
2025-10-12 14:43:38.230,07,3DD.003DEE8B46,01_01607.log
2025-10-12 14:43:53.720,07,3DD.003DEE8B46,01_01607.log
2025-10-12 14:43:54.360,07,3DD.003DEE8B46,01_01607.log
2025-10-12 14:44:09.060,07,3DD.003DEE8B46,01_01607.log
2025-10-12 14:44:11.160,07,3DD.003DEE8B46,01_01607.log
2025-10-12 14:45:33.090,07,3DD.003DEE8B46,01_01607.log
2025-10-12 14:45:34.430,07,3DD.003DEE8B46,01_01607.log
2025-10-12 14:45:35.160,07,3DD.003DEE8B46,01_01607.log
2025-10-12 14:45:41.460,07,3DD.003DEE8B46,01_01607.log
2025-10-12 14:46:10.860,07,3DD.003DEE8B46,01_01607.log
2025-10-12 14:46:11.570,07,3DD.003DEE8B46,01_01607.log
2025-10-12 14:46:12.260,07,3DD.003DEE8B46,01_01607.log
2025-10-12 14:46:15.790,07,3DD.003DEE8B46,01_01607.log
2025-10-12 14:46:16.460,07,3DD.003DEE8B46,01_01607.log
2025-10-12 14:46:17.130,07,3DD.003DEE8B46,01_01607.log
2025-10-12 14:46:40.960,07,3DD.003DEE8B46,01_01607.log
2025-10-12 14:46:41.630,07,3DD.003DEE8B46,01_01607.log
2025-10-12 14:46:42.360,07,3DD.003DEE8B46,01_01607.log
2025-10-12 14:46:46.560,07,3DD.003DEE8B46,01_01607.log
2025-10-12 14:46:47.260,07,3DD.003DEE8B46,01_01607.log
2025-10-12 14:47:00.600,07,3DD.003DEE8B46,01_01607.log
2025-10-12 14:47:01.260,07,3DD.003DEE8B46,01_01607.log
2025-10-12 14:47:48.160,07,3DD.003DEE8B46,01_01607.log
2025-10-12 14:47:55.870,07,3DD.003DEE8B46,01_01607.log
2025-10-12 14:48:50.460,07,3DD.003DEE8B46,01_01607.log
2025-10-12 14:48:51.130,07,3DD.003DEE8B46,01_01607.log
2025-10-12 14:48:52.600,07,3DD.003DEE8B46,01_01607.log
2025-10-12 14:48:53.260,07,3DD.003DEE8B46,01_01607.log
2025-10-12 14:48:54.660,07,3DD.003DEE8B46,01_01607.log
2025-10-12 14:48:55.330,07,3DD.003DEE8B46,01_01607.log
2025-10-12 14:53:31.180,07,3DD.003DEE8B46,01_01607.log
2025-10-12 14:53:32.560,07,3DD.003DEE8B46,01_01607.log
2025-10-12 14:53:33.260,07,3DD.003DEE8B46,01_01607.log
2025-10-12 14:53:33.990,07,3DD.003DEE8B35,01_01607.log
2025-10-12 14:53:34.690,07,3DD.003DEE8B46,01_01607.log
2025-10-12 14:55:51.200,07,3DD.003DEE8B46,01_01607.log
2025-10-12 15:02:11.160,06,3E7.0000001D06,01_01607.log
2025-10-12 15:02:11.260,07,3E7.0000001D07,01_01607.log
2025-10-12 15:02:11.360,01,3E7.0000001D01,01_01607.log
2025-10-12 15:02:11.460,02,3E7.0000001D02,01_01607.log
2025-10-12 15:02:11.560,03,3E7.0000001D03,01_01607.log
2025-10-12 15:02:11.660,04,3E7.0000001D04,01_01607.log
2025-10-12 15:02:11.770,05,3E7.0000001D05,01_01607.log
2025-10-12 15:05:01.390,07,3DD.003DEE8B35,01_01607.log
2025-10-12 15:09:48.360,07,3DD.003DEE8B35,01_01607.log
2025-10-12 15:09:49.050,07,3DD.003DEE8B35,01_01607.log
2025-10-12 15:09:54.660,07,3DD.003DEE8B35,01_01607.log
2025-10-12 15:09:55.330,07,3DD.003DEE8B35,01_01607.log
2025-10-12 15:10:26.860,07,3DD.003DEE8B35,01_01607.log
2025-10-12 15:17:32.360,06,3DD.003DEE8B46,01_01607.log
2025-10-12 15:17:33.060,06,3DD.003DEE8B46,01_01607.log
2025-10-12 15:20:29.600,07,3DD.003DEE8B35,01_01607.log
2025-10-12 15:20:43.990,04,3DD.003DEE8B46,01_01607.log
2025-10-12 15:20:44.660,04,3DD.003DEE8B46,01_01607.log
2025-10-12 15:20:45.330,04,3DD.003DEE8B46,01_01607.log
2025-10-12 15:20:46.020,04,3DD.003DEE8B46,01_01607.log
2025-10-12 15:20:47.430,04,3DD.003DEE8B46,01_01607.log
2025-10-12 15:23:21.790,07,3DD.003DEE8B35,01_01607.log
2025-10-12 15:23:23.160,07,3DD.003DEE8B35,01_01607.log
2025-10-12 15:40:16.690,06,3DD.003DEE8B35,01_01607.log
2025-10-12 15:40:17.360,06,3DD.003DEE8B35,01_01607.log
2025-10-12 15:41:11.960,06,3DD.003DEE8B35,01_01607.log
2025-10-12 15:42:08.000,06,3DD.003DEE8B35,01_01607.log
2025-10-12 15:45:01.960,03,3DD.003DEE8B35,01_01607.log
2025-10-12 15:45:02.630,03,3DD.003DEE8B35,01_01607.log
2025-10-12 16:02:11.160,05,3E7.0000001D05,01_01607.log
2025-10-12 16:02:11.260,06,3E7.0000001D06,01_01607.log
2025-10-12 16:02:11.360,07,3E7.0000001D07,01_01607.log
2025-10-12 16:02:11.460,01,3E7.0000001D01,01_01607.log
2025-10-12 16:02:11.560,02,3E7.0000001D02,01_01607.log
2025-10-12 16:02:11.660,03,3E7.0000001D03,01_01607.log
2025-10-12 16:02:11.760,04,3E7.0000001D04,01_01607.log
2025-10-12 16:20:38.890,01,3DD.003DEE8EE1,01_01607.log
2025-10-12 16:29:08.010,03,3DD.003DEE8EE1,01_01607.log
2025-10-12 16:29:09.370,03,3DD.003DEE8EE1,01_01607.log
2025-10-12 16:29:10.030,03,3DD.003DEE8EE1,01_01607.log
2025-10-12 17:02:11.160,04,3E7.0000001D04,01_01607.log
2025-10-12 17:02:11.260,05,3E7.0000001D05,01_01607.log
2025-10-12 17:02:11.360,06,3E7.0000001D06,01_01607.log
2025-10-12 17:02:11.460,07,3E7.0000001D07,01_01607.log
2025-10-12 17:02:11.560,01,3E7.0000001D01,01_01607.log
2025-10-12 17:02:11.660,02,3E7.0000001D02,01_01607.log
2025-10-12 17:02:11.760,03,3E7.0000001D03,01_01607.log
2025-10-12 17:19:24.290,03,3DD.003DEE8EE1,01_01607.log
2025-10-12 17:19:25.000,03,3DD.003DEE8EE1,01_01607.log
2025-10-12 17:29:54.290,03,3DD.003DEE8EE1,01_01607.log
2025-10-12 17:30:09.690,03,3DD.003DEE8EE1,01_01607.log
2025-10-12 17:57:04.580,03,3DD.003DEE8EE1,01_01607.log
2025-10-12 18:02:11.160,03,3E7.0000001D03,01_01607.log
2025-10-12 18:02:11.260,04,3E7.0000001D04,01_01607.log
2025-10-12 18:02:11.360,05,3E7.0000001D05,01_01607.log
2025-10-12 18:02:11.460,06,3E7.0000001D06,01_01607.log
2025-10-12 18:02:11.560,07,3E7.0000001D07,01_01607.log
2025-10-12 18:02:11.660,01,3E7.0000001D01,01_01607.log
2025-10-12 18:02:11.770,02,3E7.0000001D02,01_01607.log
2025-10-12 18:29:31.680,07,3DD.003DEE8EE1,01_01607.log
2025-10-12 18:29:32.360,07,3DD.003DEE8EE1,01_01607.log
2025-10-12 18:29:33.020,07,3DD.003DEE8EE1,01_01607.log
2025-10-12 18:29:40.060,07,3DD.003DEE8EE1,01_01607.log
2025-10-12 18:29:41.460,07,3DD.003DEE8EE1,01_01607.log
2025-10-12 18:42:16.710,06,3DD.003DEE8EE1,01_01607.log
2025-10-12 18:42:17.370,06,3DD.003DEE8EE1,01_01607.log
2025-10-12 18:42:18.020,06,3DD.003DEE8EE1,01_01607.log
2025-10-12 18:42:36.960,06,3DD.003DEE8EE1,01_01607.log
2025-10-12 18:42:37.020,06,3DD.003DEE8EE1,01_01607.log
